Código;Nombre;Estado;Organismo;Unidad de compra;Región;Comuna;Publicada;Cierra;Días para cierre;Monto estimado;Moneda;Tipo;Categorías;Qué piden;Visita a terreno;Entrega antecedentes;Duración contrato;Renovable;Prohibiciones;Contraparte;Descripción;Bases
1057539-138-LP26;SERVICIOS PROFESIONALES PERSONAL APOYO INFORMATICA;Publicada;HOSPITAL PUERTO MONTT SERVICIO DE SALUD DEL RELONCAVI;Bienes y Servicios;Región de los Lagos ;;10-09-2026 13:49;01-10-2026 15:00;3;184212000.0;CLP;LP;Servicios profesionales, administrativos y consultorías de gestión empresarial / Servicios de recursos humanos / Contratación de personal;1 Unidad · Profesionales;;;12 meses;No;;Vanessa Soto;"La presente licitación tiene por objeto la contratación de los servicios profesionales de 6 ingenieros o especialistas en informática para el Hospital de Puerto Montt. La necesidad de esta contratación se fundamenta en el sostenido incremento de la digitalización de los procesos clínicos y administrativos del establecimiento tales como la ficha clínica electrónica, agendamiento y plataformas logísticas. Esta creciente digitalización hace indispensable contar con un equipo técnico especializado que garantice la disponibilidad ininterrumpida de la infraestructura tecnológica, evitando quiebres en los sistemas que puedan comprometer la oportunidad, calidad y seguridad en la atención de salud de los pacientes. 

En virtud de lo anterior, las prestaciones que se pretende satisfacer mediante este proceso licitatorio consisten en externalizar el apoyo operativo especializado, destinando a estos profesionales a las áreas críticas de Soporte, Redes y Sistemas. Sus funciones principales abarcarán el aseguramiento de la continuidad operativa de la red de datos institucional, el mantenimiento preventivo y correctivo de hardware y software, la administración y optimización de los sistemas de ";https://www.mercadopublico.cl/Procurement/Modules/Attachment/ViewAttachment.aspx?enc=YQwMvJ0sJ5AGWnoWzcHEycHlbFj1jKzKUVK%2bevhkwXZ6LKfVbJcZs2Nzzie6sNxPqC%2bl%2fwbRawrzy%2bT4lu%2bVtBXuGb9sMX1aJcZJvVIGunc%2fcjKDBE3nYfCKMKk3qqam%2f5DxkO8SCrdT%2bKFp0aI9nLEIjg%2bWoBt%2f4PyKqyQj4NESV2Kaam%2bQWhJW9NmCnLJYdVh0gnxwyRUtiAgtifpKdJvGfZb7GmQZ0CuwlFBvvKFgXNPSMPuWuxttkeyJmi%2fEed%2b9eck1imVRGsfEwZOQrQF9zu3BsxRgEXjQc%2fMW9NpXvWpyDzDFvbmwYmZoniMq
1305527-5-LP26;Contratación de infraestructura Cloud;Publicada;SERVICIO LOCAL DE EDUCACIÓN PÚBLICA DEL PINO;SLEP Del Pino 01;Región Metropolitana de Santiago;San Bernardo;08-09-2026 10:58;01-10-2026 15:00;3;75000000.0;CLP;LP;Servicios basados en ingeniería, ciencias sociales y tecnología de la información / Servicios informáticos / Servicios para internet;1 Unidad · Web Hosting;;;36 meses;No;Ver Resolución Exenta N°1988 de 2026.;Cristóbal Illanes;El Servicio Local de Educación Pública de Del Pino requiere realizar una Licitación Pública para la Contratación de Servicios de Infraestructura Cloud, con la finalidad de disponer de una plataforma tecnológica que permita alojar y soportar la operación de los sistemas y servicios institucionales, asegurando su disponibilidad, continuidad operativa y seguridad.;https://www.mercadopublico.cl/Procurement/Modules/Attachment/ViewAttachment.aspx?enc=q0buIkC1exbbKGheHDBht2W837a2T%2fmrePcv%2fxbCjZp7h0v%2bvs2AWLBRlp7HqHJXcEWthENUmc2oz8rR86s6ySbeCrw43h5ZHplo%2fAJB%2fHtvexy0zb7JG8oN%2bNzdpvrSlv%2b%2fxZl5OaVyAADS81BAxXRWSpVcRUJlIBVLLxksq0HMbh2YvBIJLL8xA3wCRvgP%2b9XgfxYF7sSWY94UYe70CwNADk3ZTtAIff%2bBmKZTU3fKgQ95DcDpbQloQefzUhUPj3ElhdbPKDwqL0ygRf22bmQGhLtqiHWD9SgkVFsBBduaGHYALXGSrp0jbNmappNo
1469-224-L126;ARRIENDO DE TÓTEMS INTERACTIVOS PARA PROYECTO MUNDOS INFINITOS CP25-E05, UNIVERSIDAD DE TALCA;Publicada;UNIVERSIDAD DE TALCA;Universidad de Talca;Región del Maule ;Talca;24-09-2026 09:06;01-10-2026 15:00;3;3500000.0;CLP;L1;Tecnologías de la información, telecomunicaciones y radiodifusión / Equipos informáticos y accesorios / Pantallas o monitores de computador;5 Unidad · Monitores de pantalla táctil;;;;No;;;La Universidad de Talca requiere a través de su Proyecto Mundos Infinitos contratar proveedor para arriendo de Tótems Interactivos.;https://www.mercadopublico.cl/Procurement/Modules/Attachment/ViewAttachment.aspx?enc=9N1kb2IgJTUNPox5IeB%2bIBgGhPFcU1ff0mZJLqQarZqrG4lhovgb2FuvEVmZ3g951IiW7r6JARAYUEX8AmU9p2H%2bR7Djvzz6vRVFZO5fVA8K9nHjczHNnOMdX1b5ivTzU5I4aVeGpJwfCvSdtIypnMEJRagLwiqpoXJqOX3ORcj%2fwemll%2fFbAQAsrbVXt6RFfsWu9Go9fPqVL%2bjzQ4PPy2BveMogd9ayqRT99bQQVEFwA4ncbfTvlVP0BJfd1uHgQal%2b0f2CIZUMYACryeU5skcQ8tnk92s18XN%2fMkfS8cSjW6xSg1IvSb0jqUoIVeAK
867990-95-L126;cc 102 sol 92830 - Contratación de servicio especializado de formación en inteligencia artificial;Publicada;UNIVERSIDAD DE SANTIAGO DE CHILE;DEPARTAMENTO DE COORDINACIÓN INSTITUCIONAL - DCI;Región Metropolitana de Santiago;Estación Central;23-09-2026 16:42;01-10-2026 15:00;3;6500000.0;CLP;L1;Educación, formación, entrenamiento y capacitación / Sistemas educativos complementarios / Educación de adultos;1 Unidad · Capacitación a empleados;;;;No;;;cc 102 sol 92830 - Servicio especializado de formación en inteligencia artificial, destinado a académicos, profesionales y personal administrativo de la Facultad Tecnológica.;https://www.mercadopublico.cl/Procurement/Modules/Attachment/ViewAttachment.aspx?enc=VaMT0kxCaFper4vT0FzjeORLEwPDWfFnAdyWp9Kr2V08OYiEFWpAFPSUWCY9N1pkKWkHj0o3vxBAS7nAaHb4i%2fTtgQRtFBT%2bQGxGmME70pmYUirsllX94DXijZcKTudRd4WhPWQg0yV%2f6g%2fwdQ1JCvplKjbSv8dB9dOVyTcYrTA64yS9HxiWODZGfo915Bozpk%2fVDdLyhOVHE8oo2tJEiHrGUafXEApSEW%2bOcWk0Oj4i%2fLqZ0JSj9W3qrs%2bNOd57kT58pBj7yCSkLtORlzn5Sxgi4%2fpWQFnk17WxlCkHQk81rEVCtJijNDOnm%2b0WoVIC
858-69-LP26;RENOVACIÓN Y ADQUISICIÓN LICENCIAS DE INFORMÁTICA;Publicada;INSTITUTO NACIONAL DE DEPORTES DE CHILE;Nivel Central;Región Metropolitana de Santiago;Providencia;10-09-2026 09:36;01-10-2026 15:01;3;179063.0;USD;LP;Tecnologías de la información, telecomunicaciones y radiodifusión / Software / Software de edición y creación de contenidos;1 Unidad no definida · Software de diseño de patrones · 1 Unidad no definida · Software de diseño de patrones · 1 Unidad no definida · Software de diseño de patrones · y 21 más;;;;No;;Carola Molina;RENOVACIÓN Y ADQUISICIÓN DE LICENCIAS DE SOFTWARE DE INFORMÁTICA PARA EL IND. VER REX 3096 AP BASES ADJUNTA.;https://www.mercadopublico.cl/Procurement/Modules/Attachment/ViewAttachment.aspx?enc=6iD919Tg2vsaz57OeGOY4%2fE2MnSdXuRem5VPUvgmJpNIimVkpE2KGse5uRYYVNhtMFTz0ABFT0IlaOr51Le5vTlBqJ2V9SMJgzEKfO8aczrrjkUNiNVytRT1pKURmvAd%2fyTQt5fOAOHQA0xgD2c8EjUf2C7qC0HT%2b%2bDYvYo1OERclxBHQbDkOaENVvGxqNyY%2fLCsvQL2x6c2ZuTCrOvsTxwkH90e%2bsMIWYihirYVecGZc8Aadv9BzEYGJd854MasHLL6wqX%2b92J%2bvJ8rsOHE5nAklNshtnu7I0JZkPy9s7t1o8oFPviwMib8WlmF3w2x
1259850-6-LP26;GORE. COMPRA DE EQUIPOS INFORMATICOS.;Publicada;DIRECCION GENERAL DE GENDARMERIA DE CHIL;Compras GORE Arica y Parinacota;Región de Arica y Parinacota;Arica;21-09-2026 11:19;01-10-2026 15:30;3;;CLP;LP;Tecnologías de la información, telecomunicaciones y radiodifusión / Equipos informáticos y accesorios / Computadores, Tecnologías de la información, telecomunicaciones y radiodifusión / Equipos informáticos y accesorios / Dispositivos informáticos de entrada de datos, Tecnologías de la información, telecomunicaciones y radiodifusión / Equipos informáticos y accesorios / Impresoras;66 Unidad · Computadores de escritorio · 15 Unidad · Impresoras multifunción o multifuncionales · 4 Unidad · Escáner;;;;No;;ALEX CARRASCO SOTO;GOBIERNO REGIONAL, ADQUISICION DE COMPUTADORES, IMPRESORAS Y ESCANER PROYECTO REPOSICION REINCORPORACION DE EQUIPOS INFORMATICOS DE ALTA SEGURIDAD PARA RECINTOS PENITENCIARIOS ARICA.;https://www.mercadopublico.cl/Procurement/Modules/Attachment/ViewAttachment.aspx?enc=hVG29cTZ%2bIbJpH5kPLn%2bWrQR4Egr1ts0StDfvnndb4%2b0QiIqBhQ9JjRR%2b3dUWXTVRqKjvbBEMZQx5QcOyTR4ohi3LUEUXL0dRltEIXVB0J07ZLJo7dd2ggUT3YTWwE0QLGckfOlHTpT77l0%2fsYG1GW0HGR%2fXKZddNRzTlT6CK5HZPgkcKc0%2bP8w3UV33pFXA60OaAuoQjMRM4mHp%2bOqeSzufSJEAtSLk3Pjd%2bNJG0R0ByeaQ3coNcZX7s6ccbN54sgpsJ7hCr4QGl3JPB3z7TL1GEb2IS0gHLmQBUP40PfL4gdhRVP6PBAdmxywAEQ2Z
2663-63-LP26;SISTEMAS INFORMÁTICOS DE GESTIÓN MUNICIPAL;Publicada;ILUSTRE MUNICIPALIDAD DE NATALES;DEPARTAMENTO ADMINISTRACION Y FINANZAS;Región de Magallanes y de la Antártica;Puerto Natales;11-09-2026 15:48;01-10-2026 17:00;3;98590386.0;CLF;LP;Organizaciones y consultorías políticas, demográficas, económicas, sociales y de administración pública / Administración y finanzas públicas / Administración pública;1 Unidad · Sistemas de información y control de empresas públicas;;;24 meses;No;De acuerdo a lo indicado en el Artículo 35 cesión de contrato y subcontratación;Javier Díaz Gonzalez -Carlos Del Castillo Carrasco;SISTEMAS INFORMÁTICOS DE GESTIÓN MUNICIPAL: ARRIENDO, IMPLEMENTACIÓN Y MANTENIMIENTO PARA LA ILUSTRE MUNICIPALIDAD DE NATALES.;https://www.mercadopublico.cl/Procurement/Modules/Attachment/ViewAttachment.aspx?enc=9ppG7DkQXmrMvYE2m%2bYLCAjgII0GMaopML4NhxVomAwPT9D7FEXyGE75gHYyRgYWW2jq2tKlV2lQBFWp7CloID3tU6r7%2fSbYzgeKaCGyeimRyaOyZkhiwCxoWqJBupx%2bVQry6LZcwKmpJ3mKTETybESRTGgqRJ5F77Z7bONn4SlD0CwY%2fBKuqa8qGXcF1xgWQVXazhMXt%2fbnpKWFZruTL93V%2bQI6uxkPF%2fEDAQ3RliyAjtc%2bJCptxjZV9aQulXEnROTD2BIJrA3ctOMbpgzleE6qfCTF4%2fOSW4z6FkIKNyRqMIX4XiS3dVhw6fsEMlIf
4105-8-LP26;Mantención Control y Actualización de Software;Publicada;I MUNICIPALIDAD DE CALLE LARGA;FINANZAS;Región de Valparaíso ;Calle Larga;15-09-2026 18:06;02-10-2026 09:30;4;142800000.0;CLP;LP;Tecnologías de la información, telecomunicaciones y radiodifusión / Software / Software de entorno operativo;1 Unidad · Software de sistema de archivos;;;24 meses;No;;Dina González Alfaro;La I. Municipalidad lícita para contratar la “MANTENCION, CONTROL Y ACTUALIZACION DE SOFTWARE DE CONEXIÓN PERMISO DE CIRCULACIÓN”,  la municipalidad necesita y se ha motivado en la digitalización y modernización informática en cuanto a la emisión de permisos de circulación que no se pueden llevar a cabo de forma manual por el personal permisos masivos ..;https://www.mercadopublico.cl/Procurement/Modules/Attachment/ViewAttachment.aspx?enc=7CJu9z23E5dNMgfEoAH2MUn3RISyhIboY93lmyKDPI%2fO3ui0EZYsD2KGmjgfBfOQV3k4pkKvWrV1K7qvwj0qYQ86Uy1d9Gtb9DMUAsPouvX%2fttpoeVae0GnER%2bzh8VccdapdW3rF%2bcQIasc8Gw8aNyMq0jjKskJRD00k%2btyBJNwiTNY3iIS1a2uRfWxcIO3WLFTsGqPvyiSB9u2jSFs5bE8RZkm27Lq1EQ6XKPcuiqCvF6X59HV39I5NqFTzabbdTFYemCYydsudnXdDXDHC1q%2fSBLrJ9BWD7FpTtkd6E60ow%2fTJo937SB4VzytytwwR
2429-8-LP26;RENOVACIÓN DE INFRAESTRUCTURA DE RED INFORMÁTICA Y NORMALIZACIÓN DE CABLEADO ESTRUCTURADO DE LAS DEPENDENCIAS DE LA IMA;Publicada;I MUNICIPALIDAD DE ANTOFAGASTA;I MUNICIPALIDAD DE ANTOFAGASTA - FINANZAS;Región de Antofagasta ;Antofagasta;10-09-2026 16:21;02-10-2026 10:00;4;;CLP;LP;Servicios basados en ingeniería, ciencias sociales y tecnología de la información / Servicios informáticos / Sistemas de información;1 Unidad · Diseño de redes de comunicación de cobertura local (LAN);;;;No;DE ACUERDO A NUMERAL 33 DE LAS BASES ADM.;Ivan rivera Galvez;Adquisición;https://www.mercadopublico.cl/Procurement/Modules/Attachment/ViewAttachment.aspx?enc=8frpgZ85NIuOm95WJh7On6hJ1UCYfxdFCYYFAj4hV2CsKudtJXyed%2bkLw5Bqp5Lojlh1s1dFt%2fVO7T6Y0sTXkTuRyG94Uw9UAfBy6%2f5QKr6OPylTRwDFBh1t4eULM1MPm0xz1sMt7SnZkr2FYAGhBYIO3HNe7EDW4MVLj6if4vJ9n%2bPk2pSRE%2f7qf0qK074OcYaDvrzow%2fUlcd7geOrS5FEVo34B%2ffDqQmtdfgyciu%2b6QbvmtaAWgWvPTEkkuWLF%2f5HCoCP%2fZoqj16tZH%2b7l8XhYoytr3Ul0o42Nccuf2d%2fUOLRxmY2u%2fpJg6%2fE6Yuad
3588-51-LE26;ADQUISICIÓN LICENCIAS DE SOFTWARE Y ANTIVIRUS;Publicada;I MUNICIPALIDAD DE YUNGAY;Direccion Administración y Finanzas;Región del Ñuble;Yungay;22-09-2026 11:32;02-10-2026 10:04;4;;CLP;LE;Tecnologías de la información, telecomunicaciones y radiodifusión / Software / Software de gestión;1 Unidad · Software de gestión de licencias;;;;No;"Queda prohibido que el adjudicado ceda o transfiera de cualquier forma, total o parcial, los derechos y obligaciones que nazcan de la adjudicación.
La infracción de esta prohibición será causal inmediata del término del servicio, sin perjuicio de las ac";Nelson Burgos Gonzalez;"La Municipalidad de Yungay llama a propuesta pública la adquisición de licencias de software para el funcionamiento del sistema operativo del servidor y el motor de base de datos; así también, antivirus para proteger servidores y equipos informáticos municipales.";https://www.mercadopublico.cl/Procurement/Modules/Attachment/ViewAttachment.aspx?enc=wq2nghwCLrz0GTFQDmsSL%2bXV1d85RbRNVbMgw1I0vU3bZaGNNMDmHdQe%2bvCHoe8aJpcEeOY143xytUe6JxpdvGK9utNs%2b0gjaomiHBF0d0tWs1UU0Jk5%2bXXr2cl3Jqc5pJIiUVm8EneNnI8LH5KdffcZ%2fv2cAL%2fIBNZrkaFwoDeSq1jqjif35MPbqDa5rSn0dqdBaUFQIWErxDK1ZG702RvENY98xXTrmLTLU04zZVaOha6%2bUE1%2bEk8J24GmWY6gZ8hnb4mWBLJBqQnAfu3bmLz1Matsg31KW8qVHvbGquXYHFyfGGsHLvqhY4X84Tts
1533460-6-LP26;SERVICIO DE ARRIENDO DE SISTEMA INFORMÁTICO FINANCIERO CONTABLE Y RECURSOS HUMANOS;Publicada;CORPORACIÓN MUNICIPAL DE CULTURA, DEPORTE Y DE FOMENTO DE DESARROLLO C;CORPORACIÓN MUNICIPAL DE CULTURA, DEPORTE Y DE FOMENTO DE DESARROLLO C;Región Metropolitana de Santiago;;11-09-2026 11:38;02-10-2026 11:31;4;118000000.0;CLP;LP;Tecnologías de la información, telecomunicaciones y radiodifusión / Software / Software de planificación de recursos empresariales (ERP) y contabilidad financiera;1 Unidad · Software de planificación de recursos empresariales (ERP);;;24 meses;No;;Fernando Suazo Rios;La Corporación Conchalí en Movimiento requiere contratar el servicio de arriendo de sistema informático, financiero, contable y recursos humanos, este servicio tiene por finalidad contratar el servicio de implementación, puesta en marcha, configuración y ejecución del sistema con los siguientes módulos administración de personal, remuneraciones, intranet, contabilidad y presupuesto, adquisiciones e inventario, tesorería y gestión de documental.;https://www.mercadopublico.cl/Procurement/Modules/Attachment/ViewAttachment.aspx?enc=5smgC4KuFu3PO7DBiyOmVOrf7W%2b1l06Va5CUpbOxuZx1WJLQThcMaUGCsfaHnhpmNHVHrfXESBF4RnPEhcMWrNRBzkmvsTmNeqsYRMWG27HUlYScABgIYRbr9XMhn7EdalsupSG2lKMf1oUVE6NBOuU%2fANuP7ZcXt7A0HOrcNI3jGt1JE4DosuXc3E3F6608qKOPjtPl1PpXIvcwZUTHLkgRB8wpSxWuTv7ywF8lHGyJTHZE6MW98ZM7wUZ3IHO4Z9xOmYepKWhy%2fS9vIGtKe8CF1oJHg3ry1Z8naicZu1YbOiI4lhYcKa5k7d2eaNOv
1469-226-L126;Sistema de gestión de Libro de Obras Digital, para PIBV, UNIVERSIDAD DE TALCA;Publicada;UNIVERSIDAD DE TALCA;Universidad de Talca;Región del Maule ;Talca;24-09-2026 14:38;02-10-2026 12:00;4;2500000.0;CLP;L1;Tecnologías de la información, telecomunicaciones y radiodifusión / Software / Software específico para la industria;1 Unidad · Software de gestión de instalaciones;;;;No;;;La Universidad de Talca requiere del servicio de plataforma de Libro de Obra Digital para continuar con el requerimiento del Convenio PIBV, por un periodo de 11 meses;https://www.mercadopublico.cl/Procurement/Modules/Attachment/ViewAttachment.aspx?enc=VW5bJoBUCygDgXLlkzNC17fw6WTDvvotSl2s0brnBy0XPl28K%2bQd7eQH4DqqlKPmfDDD8Pn7vArEeUKgiZvbqYamklMIL%2fUIzOHdI%2begUVHlU8ocQSKj17Vu8bA6%2flAaSlvYY789QeCPeyA8khFdJo%2fXzf2jkdhT6oY9U94ET0NFulGKImSW3c5MpE%2by9qrhAMEwa%2f7hoHsl%2bCPp335MOZkY2QvcfrQd0DL54vRy2ewntMjPBHp%2fS%2be68HMcCLFyT52YGgLiuk6yLon41hOjJypxImDJuMUx0T42udxxZZmThjzMEeM2SPH0zJ5766hL
585-9-LE26;Adq. Licencias Para Plataforma Gestión de Tickes;Publicada;SERVICIO DE COOPERACION TECNICA;Sercotec - Nivel Central;Región Metropolitana de Santiago;Santiago Centro;21-09-2026 17:25;02-10-2026 12:00;4;14500000.0;CLP;LE;Tecnologías de la información, telecomunicaciones y radiodifusión / Software / Software de gestión;1 Unidad · Software de gestión de licencias;;;37 meses;No;;Carolina Cabezas;Según punto 1.2.1 de las bases;https://www.mercadopublico.cl/Procurement/Modules/Attachment/ViewAttachment.aspx?enc=QpF0uiyC7%2fbeN9R40wTklHqpXvLlssFYepaa%2b36Eoy0fbwP5%2fFlaMzpOaJU67rZiJrBf%2b0FEs9Vex8RUu4qRMkiUXuzEbUlbh2OLu9PcR1OmRlGhjD5HFHfp%2fb1oIMVhH%2fZXYcjDmecq2bP8LHo5jCHH3J3lCkmGViISJgbXuM5nAxXy9%2fDKv0DmOn5NLTgoeHTC6HM7ITRD6wyBRtYJ%2fpJEmGlwZC64RY5KKRxSSZPb2LJdgzCXYDAk3mjOBy9tfKrwRq1WqgTwkS%2fq%2bXfTOjgdSdMJrm3pd1gX0ppHTmYhcgHWVDiJYpJfMxxUGT2l
3710-92-L126;SOFTWARE LICENCIAS MEDICAS;Publicada;I MUNICIPALIDAD DE VICTORIA;Salud;Región de la Araucanía ;Victoria;25-09-2026 11:20;02-10-2026 12:14;4;;CLP;L1;Tecnologías de la información, telecomunicaciones y radiodifusión / Software / Software de gestión;1 Unidad · Programas de gestión de inventario;;;12 meses;No;Respecto a este punto, queda prohibida la subcontratación total o parcial para cumplir con las obligaciones del contrato que se genere por motivo de la presente licitación pública.;ANIBAL BIZAMA SOTO;SOFTWARE LICENCIAS MEDICAS , SOLICITUD DE PEDIDO N°40;https://www.mercadopublico.cl/Procurement/Modules/Attachment/ViewAttachment.aspx?enc=ndreAUvVrzuc2AwfrRoRheI3%2b6lqUmAO6P2ZEpY2i99bxtJyna0yFnG1Q4pAzUBN1fnQ0nU6vX305V82AlFKccVdpBqpvemHaW0dahkFyz5YoFJrsw8H9VU29J5yWc%2f5kPlCbiDF5CV69I0ZVGQHEoTBlMnWIAm%2bBxc96%2fgk1%2fo89ftJc4JG6wMnv6qL5e9Ub1sH8gaF254RqVb8nnvv4Y%2bL3eqVXs2M7Yw1e37rmNJTxngSnaOPR%2f6WVuZbX%2bv4erIFTbRnGYQnTfsU6NPsgyOVGHLHMXBYnlBdLJrELMRXVo9NpOcmhoSBZNbEqkvH
622844-5-LE26;Renovación de Licencias de Software;Publicada;SERVICIO NACIONAL DEL PATRIMONIO CULTURAL;Coordinación de Política Digital;Región Metropolitana de Santiago;Santiago;23-09-2026 14:13;02-10-2026 14:30;4;25406500.0;CLP;LE;Tecnologías de la información, telecomunicaciones y radiodifusión / Software / Software de gestión;1 Unidad · Software de gestión de licencias;;;;No;;Constanza Elgueta Negrón;La Secretaría Técnica del Consejo de Monumentos Nacionales en adelante también STCMN, licita públicamente el servicio de RENOVACIÓN DE LICENCIAS DE SOFTWARE, para cuyo efecto invita a personas naturales y jurídicas del rubro a formular ofertas conforme a lo dispuesto en las presentes Bases Administrativas y Técnicas.;https://www.mercadopublico.cl/Procurement/Modules/Attachment/ViewAttachment.aspx?enc=9tiIjGt5XvFJ8%2fcApvcUHuU0AF88uTLScTWHkCBMDfFi4BWSTn97djipojtevf1jxpeJZEFWWRlW6s3YGqKghWDvUJG6BHwCwuQH2zP9CVPNNsZ4XDiXY9FAuywpk689O%2fyiS%2f42i5hhMD7S%2bf9QaLJB9zp6JiOZGbeT6dCyAmshfgwc8Ty40%2bFVsUQC811FMp1%2bcuiB7uZdxrpYZU97rxKo0RY6rMyM4H3xlXV3TOVEfpExfWOH03raBU%2fNtvDtJ%2bokLa82xBuDG2O3IhyPcLEZAyppkhf0uRHZSGSwxSASE8ErG5sErZdqHNh8tWT8
1056854-9-L126;“ADQUISICIÓN DE 20 KITS DE ROBÓTICA EDUCATIVA, SOFTWARE, CAPACITACIÓN Y ACOMPAÑAMIENTO TÉCNICO PARA LA HABILITACIÓN DE LA SALA DE ROBÓTICA DEL HUB PROVIDENCIA”,;Publicada;I MUNICIPALIDAD DE PROVIDENCIA;Dirección de Tecnología ;Región Metropolitana de Santiago;Providencia;24-09-2026 18:54;02-10-2026 15:00;4;5000000.0;CLP;L1;Instrumentos musicales, juegos, juguetes, artesanías y materiales educativos / Materiales, artículos y suministros didácticos profesionales y para el desarrollo personal / Materiales de enseñanza de tecnología;20 Unidad · Materiales de enseñanza de robótica;;;;No;;;El objetivo es disponer de una infraestructura tecnológica pedagógica y reutilizable que permita implementar rutas formativas prácticas y progresivas para niños, niñas, jóvenes y emprendedores de la comuna, orientadas a la programación, la automatización, el pensamiento computacional y la introducción a la Inteligencia Artificial (IA).;https://www.mercadopublico.cl/Procurement/Modules/Attachment/ViewAttachment.aspx?enc=FrlQc5W3bBilO9SNo%2fkTo17vao2ejjP%2b%2bp0e5CW2jrlz7hUniTZVSIbhZ2apScFfh2mfeXXyeHkxAg785zEF77wm1XYW4gNyPzv3nj89nJidb5Xr9mHHVeRc5c0q8lxe5kpNImWN2qFKm5p9AQYSmg5Nv2l9vO02qx36%2fKIaP1NImNsFQma%2bL1koil2Nt8aDhQPpyDk3UCrfarR2REF5aJnJYU5REP1Ah2vO%2bboVqpKyAYNVwNz29jbEHZOlROmWbLYw0il1svAPe2GppQIGgI5%2b0ykS1E1LwlmDy64o7QQbv4P9SUyj7tiGhL%2fLeRwS
2176-44-LE26;OBRA REP. DE TABLEROS ELECTRICOS CAPJ ZONAL VALPO;Publicada;CORP ADMINISTRATIVA DEL PODER JUDICIAL;Corp. Adm. del Poder Judicial -  Valparaiso;Región de Valparaíso ;Valparaíso;09-09-2026 17:08;02-10-2026 15:00;4;;CLP;LE;Servicios de construcción y mantenimiento / Servicios de atención, mantenimiento y reparaciones de edificios / Servicios eléctricos;1 Global · Instalación o servicio de sistemas de energía eléctrica;;;;No;;VICTOR VILLARROEL CORRALES;OBRA DE REPARACION DE TABLEROS ELECTRICOS EN 10 EDIFICIOS CAPJ ZONAL VALPARAISO.;https://www.mercadopublico.cl/Procurement/Modules/Attachment/ViewAttachment.aspx?enc=kBqQtUfDGhwdr74tovcCVznMNMGrmGvlZekUnQEEytI41lH6WLYMCp8v4%2f1fsoRoIeF2gxDaOPmxAnJffM4QQTjWC6KJ6d2IPEd9R50cnVFz43haHkqG6Gn9hF997We9RFYK0aeRfYuxhVBO44wOndNZAsDmx4UE5qnoPSbB6dLHxDVOfzRnhHIqhOwpSX%2bFJd%2bYuLNK3fmhuNCIBBzf71rznjy4oXSVrORq8emNvrxLYtta2r7j5PpxyBwRDCTST4gLaqbIL2FrtUlu4WFijW88vJWSCM4IHMQPtAKW2ZnfvzPG%2fM4vlmpotr%2fTZV3D
2563-34-LR26;EQUIPOS PARA REDES INFORMÁTICAS Y LICENCIAS;Publicada;DIRECCION GENERAL DE AERONAUTICA CIVIL;UNIDAD DE COMPRA CONTRATOS NACIONALES;Región Metropolitana de Santiago;Providencia;20-08-2026 15:09;02-10-2026 15:00;4;453590167.0;CLP;LR;Tecnologías de la información, telecomunicaciones y radiodifusión / Equipos informáticos y accesorios / Accesorios de computador;10 Unidad · Cajas de conmutación de computadores · 11 Unidad · Cajas de conmutación de computadores · 1 Unidad · Cajas de conmutación de computadores · y 14 más;;;;No;;Javier Pacheco Barahona;ADQUISICIÓN DE EQUIPOS DE COMUNICACIONES PARA REDES INFORMÁTICAS Y LICENCIAS DE SOFTWARE MODALIDAD LLAVE EN MANO, PARA EL PROYECTO CONTROL DE ACCESO A LA RED Y PROYECTOS AEROPORTUARIOS PARA LA DIRECCIÓN GENERAL DE AERONÁUTICA CIVIL;https://www.mercadopublico.cl/Procurement/Modules/Attachment/ViewAttachment.aspx?enc=MdhxOpt45kn0SN%2bdTPcFSup7bVuClHrS3cM1CbQoKPp2FlXfIVpWpuszIMPqcOgB3HZZA8BkxBQlCc9Ck6MCuHRuee0Hg9QLYQQxUFZKpVDt0mKVLOUTEQP03kAVHGhd8AsM14DFchhfcNnYn9EK3NGmiNlXswVjXIglGyV7XDLkMURMzpotA%2fXr0lKHYo3jB9oUSNQtWibwEXFbI41UhSmXRCVnSFYNANyBj21bQGYSo54Kvfngd4q2pJVnfRjCLRRA0btjKsYVp7PT6eWoIBQdyq7uRXQ74WvDT9bEbU%2fPRBEtKde6vjVOm7%2bfgQU3
2703-197-L126;SC  12767 Rollo de papel para impresora Rexod para Totem. Desp. parcializado. CESFAM.;Publicada;I MUNICIPALIDAD DE TALAGANTE;Dirección de Salud;Región Metropolitana de Santiago;;25-09-2026 12:20;02-10-2026 15:00;4;7000000.0;CLP;L1;Productos de papel / Productos de papel / Papel de imprenta y escritura;540 Unidad · Papel para calculadoras o cajas registradoras;;;;No;;Ignacio Mondaca;"SC  12767 Rollo de papel para impresora Rexod para Totem. Desp. parcializado. CESFAM.  Según EETT adjuntas.

Se ruega completar formatos adjuntos y /o entregar la información que se solicita en los requerimientos. La unidad se reserva el derecho de desestimar las ofertas que no detallen las especificaciones técnicas y plazo de entrega por falta de información para la revisión técnica.";https://www.mercadopublico.cl/Procurement/Modules/Attachment/ViewAttachment.aspx?enc=NGG1UQxt32rudUCDupEYSp1n3Clg9vEMDKHas36pRbGdF%2bxgnQ9pWH8zVv6AAwKtFhCddqf2nmTNyTI3dG6fTGmeO8Auzl2I9TY%2fpfSut%2fMhWX%2bRprFrMoijRdu1cPag7bZMeWi4kq2A1%2flUHdxJVBC%2boP2cJB1nAbrS%2bNaH7EescyfagOAG1xnuat0tsbqEPYxR%2f8FqvrQ3HvSEDpwvD0f5PDGrU9T79Q9zyygsP8cGNn%2fpszUGjdZ39GWPzx3kNpS3GtQoe4eNPFxK8JWQatAsAYh2hbz%2fHEQGJ1od2qUSuyqI9b1lBnLP6l1tis9a
548874-74-LR26;SERV DE PLATAFORMA SIEM NUEVA GENERACIÓN SAAS IPS;Publicada;INSTITUTO DE PREVISION SOCIAL;IPS Oficina Central de Compras;Región Metropolitana de Santiago;Santiago;26-08-2026 10:57;02-10-2026 15:00;4;565250.0;USD;LR;Tecnologías de la información, telecomunicaciones y radiodifusión / Software / Software de seguridad y protección;1 Global · Software de protección antivirus y de seguridad de transacciones;;;12 meses;No;Según punto 16 de las bases;por definir;E102RT8 - SERVICIO DE PLATAFORMA SIEM DE NUEVA GENERACIÓN EN MODALIDAD SAAS PARA EL INSTITUTO DE PREVISIÓN SOCIAL;https://www.mercadopublico.cl/Procurement/Modules/Attachment/ViewAttachment.aspx?enc=i5gus1oSlFII9s72X1nMOp28mAiIq8uZoPd8MhVxb5%2b9gCl6babWkJGczIpn9Rrtgy%2f6wS558Aqq1H%2fJAWt%2fyygSu%2bZoUuQeRu%2fhZunP5uJ%2foXhkV%2fh78uGEZsDimNHm6ll13IqJdpj%2b8oB%2bHChk8LRECxLvJIsPG6MwR9HoKoHgSFyn4qpMo%2bDiIZ%2bDGMuVUfrX8WAik%2bAL6LacB1yZ6IgxlakG4sFkoWsGUq6XZ%2f7t9MZNsj5OPxQzJZxk1Pz5HAn9eBcydAM7Tbp4UR0tOglu%2b9XQJ8hU2HX8tsSh2duygGCtsECmV6claYCEEk%2fP
5690-11-LE26;Mantención Maquinaria y gestión documental;Publicada;SERVICIO AGRICOLA Y GANADERO;SAG - Tarapacá;Región de Tarapacá  ;Iquique;22-09-2026 08:41;02-10-2026 15:00;4;45000000.0;CLP;LE;Servicios de producción y fabricación industrial / Servicios de apoyo o soporte a la fabricación / Servicios de mantenimiento y reparación de equipo de fabricación;1 Unidad no definida · Servicio de mantenimiento de equipo de fabricación;;;36 meses;No;;Andres Simon Cerda;"Las presentes Bases Técnicas tienen por objeto regular la contratación del servicio de mantención preventiva y correctiva, así como la gestión documental asociada, de los equipos de uso agrícola pertenecientes a la Oficina Sectorial Tamarugal, Región de Tarapacá, conforme a las especificaciones establecidas en el numeral 3, ""Especificaciones del Servicio"".
La contratación tiene por finalidad asegurar la continuidad operativa, disponibilidad y óptimo funcionamiento de dichos equipos, considerados críticos para la ejecución de labores de tratamiento de suelo, monitoreo, vigilancia y control de emergencias sanitarias del Programa Moscas de la Fruta, así como para el desarrollo de las demás actividades operativas en terreno que realiza la Oficina Sectorial Tamarugal.
*Uso interno - Requisito E1O2RT9*";https://www.mercadopublico.cl/Procurement/Modules/Attachment/ViewAttachment.aspx?enc=Hzf2UVPLogJVb6amkb4ZxeweT%2f76BqwMj5QWn02rs2DazHVVohPwn63uXb4nEfB2q1KA%2f4r8oXJRMQ5LgfO5qo4nlgEHn3pCCfohPyqrBmLj19BJ0g%2fIsaf76wP78Qwu%2bCgENvde8Z1oUZ5BPJrP4d2z2m0j9Qw6r9COcwPhHRFkVtCB4RAaXElRCX89kRebY8dR%2fwuXhrgGXnS%2b4dUswLKaHj04upA2OyZYBtza8BnxmR3AFULZLVF0nvHN1%2f3%2bXRrrWoIlDsxfDT6X5Zm7vlqX6QRcBa0I1NQuuZ1xHETj%2bH%2b64oIyI4bwa%2fYJHxI3
188-83-LP26;Plataforma de Control de Proyectos COMUDEF;Publicada;CORP MUNICIPAL DE EDUC SALUD CULTURA Y RECREACION DE LA FLORIDA;Corporación Municipal de la Florida;Región Metropolitana de Santiago;La Florida;07-09-2026 17:06;02-10-2026 15:01;4;;CLP;LP;Tecnologías de la información, telecomunicaciones y radiodifusión / Software / Software de controladores de dispositivos y utilidades;1 Unidad no definida · Software de copias de seguridad o archivado;;;12 meses;No;Según Resolución N° 369-2026, punto 19, de las bases administrativas.;Mario Arancibia;La Corporación Municipal de La Florida, en adelante también llamado “COMUDEF” o “La Corporación”, ha elaborado las presentes Bases Administrativas, Bases Técnicas y Anexos de Licitación Pública, las cuales contienen todas las condiciones y especificaciones técnicas que deberán cumplir los oferentes para materializar la “CONTRATACIÓN, IMPLEMENTACIÓN Y SOPORTE DE PLATAFORMA DIGITAL DE SISTEMA DE  SEGUIMIENTO Y CONTROL DE PROYECTOS, SERVICIOS Y HONORARIOS CORPORATIVOS PARA LA CORPORACIÓN MUNICIPAL DE LA FLORIDA – COMUDEF”, por un periodo de doce 12 meses.;https://www.mercadopublico.cl/Procurement/Modules/Attachment/ViewAttachment.aspx?enc=9wZXEcd3GA8pRHPwikieHspmLC%2fQbW0NCMR%2fHNkKu%2bQda8Eu43W1sWpvcDusyKl%2fF1HlCg4B1ot7guRVBVzfg7gmL9X8lls5IoKxYqZTvOIxCoVaj8uTRXlb7ZUnh%2fVHnxc6%2b%2f95gBbw1nfxxyUSSQ9pOWhD6nreujG1OO%2bKIsebWVvpMFDttd7spwa50H5pLblwmV%2f7Mf02fElC%2beFoYgjSAKVABcdQ99zJLyvXmyuG4W1r63mTeaMFD%2bkaPuBcED%2f0BbzJFzyhMtBenFhqnkClwjQDM1niNYHaI4T0pH72hgGtn4W0LndVlOp83615
1606-32-LE26;CONTRATACIÓN SERVICIO DE DIAGRAMACIÓN DE PIEZAS GRÁFICAS Y WEB DEL PROYECTO “FORTALECIMIENTO DE LAS CAPACIDADES DE LATINOAMÉRICA Y EL CARIBE EN MATERIA DE CIBERSEGURIDAD” FINANCIADO POR LA UNIÓN EUROPEA.;Publicada;AGENCIA CHILENA DE COOPERACION INTERNACIONAL PARA EL DESARROLLO;AGCID;Región Metropolitana de Santiago;Santiago;17-09-2026 09:45;02-10-2026 15:10;4;;EUR;LE;Servicios editoriales, de diseño, publicidad, gráficos y artistas / Servicios de impresión y reproducción / Impresión;1 Unidad · Diagramación;;;7 meses;No;Según bases de licitación;Paula Krautz;Contratar un servicio especializado de diseño gráfico, diseño editorial y diagramación que permita desarrollar una línea gráfica para los productos del proyecto y aplicarla de manera consistente en sus documentos técnicos, materiales de difusión y componentes digitales, incluyendo el diseño visual del sitio web y los insumos gráficos necesarios para su posterior desarrollo técnico.;https://www.mercadopublico.cl/Procurement/Modules/Attachment/ViewAttachment.aspx?enc=zXmbHupHIsN8dKX%2bFWH03ii%2fEzTYJLuxt65YP21ChUjZN4RJ%2bYV3dwpTwgG%2bieR5WLSmTUBCsmSK11aBSzs4OCKslUR9QbMJJM2qlJFPr5zHbbNY5qIS5VUSIbStEleLGzTNFupKz2YEFqDOcKcy3ZuwnEZyTZ5spTN9xoDOJULHrvnk2AqsY3%2fj0t9q2uhP3xpP3ob6Qet85AiunH60x7S0IgydDACYRBWSxIZEnHz0q6zg3363rN77HZvqEPsEWWYbCXoIL9j9%2fP%2bbv1Qx0crskjAAaMhH9qhL%2bP%2b9haxgZsgQRd%2b89pruFBQJM%2bq6
591-31-LE26;Curso Marketing digital estrategia digital y mas.;Publicada;FONDO NACIONAL DE SALUD;FONASA, Nivel Central;Región Metropolitana de Santiago;;22-09-2026 08:20;02-10-2026 15:11;4;;CLP;LE;Educación, formación, entrenamiento y capacitación / Sistemas educativos complementarios / Aprendizaje a distancia;1 Unidad · Programas o cursos no diplomados a distancia;;;;No;Se deja establecido que FONASA prohíbe la subcontratación con terceros la prestación de los servicios objeto del presente proceso licitatorio.;ISMENIA TUDELA ROJO;Fonasa busca potenciar y fortalecer las competencias o habilidades individuales, colectivas, técnicas y de relaciones interpersonales que permitan a sus funcionariosas mejorar su desempeño laboral para el óptimo funcionamiento de la Institución. Para ello se necesita comprar el “CURSO MARKETING DIGITAL, ESTRATEGIA DIGITAL Y ANALÍTICA PARA EQUIPOS DE COMUNICACIÓN” contenido en el Plan Anual de Capacitación y Formación 2026 del Fondo Nacional de Salud.;https://www.mercadopublico.cl/Procurement/Modules/Attachment/ViewAttachment.aspx?enc=t3bdB1rvT9%2bLXTWcY2NTD25CujA2uXah3eFLNms1ifB9xI382g0Nd77e53j2RO987JtZuDNb0aDWRQcljwuBeLMxrbsMwAi1u6UotOF%2bh0Zxj1c%2fk%2bKWA0PyJduvxD3xXldJU9Q6%2bP3XidyGpH07XtAFtydn%2fDZl6uYMO4Sbw6yD6hp1YjVprvDKXiQMsrw0mkQoddqmWpCf0gUIX4GRe1DXVVqQnB4FCkqUsbqoJwVrTfMgkatE5aqbm2lZU5AP9asMWYGI6N%2btm1XiDfxm3h3Bm8FAKVly%2fTkJldXszz9kFvjZ%2ffyZe18XymgY6dL7
1736-108-LE26;INSUMOS INFORMÁTICOS Y COMPUTACIONALES DISAM;Publicada;I MUNICIPALIDAD DE LA COMUNA DE EL BOSQUE;I MUNICIPALIDAD DE LA COMUNA DE EL BOSQUE;Región Metropolitana de Santiago;El Bosque;22-09-2026 11:44;02-10-2026 15:30;4;;CLP;LE;Artículos de electrónica / Circuitos electrónicos / Circuitos integrados, memorias y microprocesadores, Artículos de fabricación y producción / Óptica industrial / Cristales ópticos industriales, Equipos, accesorios y suministros de oficina / Maquinarias, suministros y accesorios de oficina / Suministros para impresora, fax y fotocopiadora, Maquinaria para generación y distribución de energía / Alambres y cables eléctricos y electrónicos / Cables eléctricos y accesorios;1 Unidad · Cable de fibra óptica · 1 Unidad · Memoria flash · 1 Unidad · Cartuchos de tinta · y 1 más;;;;No;;Luis Pincheira Morales;"Adquisición de insumos informáticos y computacionales
para la Dirección de Salud de la Municipalidad de El Bosque, conforme a las especificaciones detalladas en las presentes
bases. La licitación se adjudicará por línea; cada línea corresponde a una familia de productos e incluye la totalidad de los ítems que
la integran.";https://www.mercadopublico.cl/Procurement/Modules/Attachment/ViewAttachment.aspx?enc=vEzJy0UaO1GfwX9o8dcYPOpHw4ALkKZ8RHSOApHVcz6qci8SWb%2bWiVqDPBBBsw23VroL3nc1FM%2fhPHoy98Rya0mKCOxfppx3MjETh89e1SZCTEuhwXuV1cv2Eswig6DKm%2fvsQ8qDLtlBtg%2fAg8OP2XkFot1HMFR4kmm7u7yH4E23BdA9ZLyi5cHgf9BY9SLx4wGxRV8JL3B0XnmOO0kzL07Xyul%2bJr47skTi3W%2bpJ%2f0TmJL%2fMGYl3a8YGvWNUxR6h0j6fTHm%2fuj1N2kvIuxfbAN4Soe8W%2fNm3g3XZRZ%2byrtBhAbhcpJeNNoebPYjg2Oi
534615-1-LE26;Servicio plataformas KOHA y DSpace DIBRA UV;Publicada;UNIVERSIDAD DE VALPARAISO;18 Organismo Central-DIBRA;Región de Valparaíso ;Valparaíso;25-09-2026 08:59;02-10-2026 17:00;4;;CLP;LE;Tecnologías de la información, telecomunicaciones y radiodifusión / Software / Software específico para la industria;1 Unidad · Software de biblioteca;;;24 meses;No;;Eliana Providel Godoy;La necesidad de contar con “Servicio de alojamiento, administración, soporte, mantención, actualización e integración de las plataformas KOHA y DSpace, sistemas tecnológicos utilizados por la Dirección de Bibliotecas y Recursos para el Aprendizaje DIBRA de la Universidad de Valparaíso”, por un periodo de 24 meses.;https://www.mercadopublico.cl/Procurement/Modules/Attachment/ViewAttachment.aspx?enc=D6DiYtHPOfEzTLD%2bpb6Iq5%2fxdkH4zZpX6qv6xmpwuZ9l5JKyYpFxRHX0QRz%2bvW6gpO%2bJPviWSpvgyetFmLg%2f6ZzJvQmq5Th%2b1lq18Hvuz0Ysdyo90%2fSCNxOa3ha4y%2fWKPRzf8Bo6qLx3N5lOxCy4Bxw7ZvmMvrXDjnAlQgfqHIGWHYjhxECkg5ayJhgsiMlZvW2%2fVAtNkoTSyYCeUDKZ28SpvLjzFL0R8aKEU9%2fzau9EF7%2besFIn%2bTBaLpeXzoGRLBPFl5G0%2f3BvossxTjKn7wvDZgR6z0xf3azEUTtAz9NSaE%2fkjoqprcwLTURVDrp5
691792-1-LE26;SERVICIOS DE MARKETING DIGITAL Y MEDIOS;Publicada;UNIVERSIDAD METROPOLITANA DE CIENCIAS DE LA EDUCACION;DIRECCION DE COMUNICACIONES;Región Metropolitana de Santiago;Ñuñoa;21-09-2026 11:41;02-10-2026 17:00;4;;CLP;LE;Servicios profesionales, administrativos y consultorías de gestión empresarial / Servicios para la comercialización y distribución / Ventas y marketing;1 Unidad no definida · Telemarketing;;;7 meses;No;;Rodrigo Olivares Arriagada;La Universidad Metropolitana de Ciencias de la Educación llama a presentar ofertas para la contratación de los servicios especializados de una agencia de marketing digital con experiencia comprobable en el sector de educación superior, para la ejecución de la estrategia de posicionamiento digital y captación de postulación y matrícula correspondiente al proceso de admisión y difusión institucional;https://www.mercadopublico.cl/Procurement/Modules/Attachment/ViewAttachment.aspx?enc=ZGAwofkjrE4ngGC9lHm6oLzO4xXldA6hrp5jhF3cjYcYCz6X%2fMxvyM28klIyDwm0GNmHcG8ku1m3uIsyM%2f7A7crMkxKRfpY1FAaD%2fJ50iZjQQ9VYZKyC4mGZWhZzjJGC4d4Tk2kyGb4dEAplc1dVkUobAbPvWB619LsVQwgCLG0cfhKesE%2fXiUs3DJPxjLmkoY6cRRyP1jaYXHByNnEKlJpXCyfeeSKX6DwuClBx0bFPKuY7FxckosTlWEn41mdAS5mk84cqSC0%2fMos6cV3vgmJkNQASa%2bSCtHr%2fCWhjc%2bLp0WwhB1uUb9z9d40EC4J5
1499-182-LE26;INSUMOS NECESARIOS PARA SISTEMA DE SUPERVISIÓN Y DRENAJE TORÁCICO DIGITAL CON EQUIPO EN COMODATO;Publicada;INSTITUTO NACIONAL DEL TORAX;INSTITUTO NACIONAL DEL TORAX;Región Metropolitana de Santiago;Providencia;22-09-2026 18:08;02-10-2026 18:00;4;;CLP;LE;Equipamiento y suministros médicos / Productos quirúrgicos / Suministros quirúrgicos auxiliares;1 Global · Catéteres, kits de cateterización o bolsas de drenaje para cirugía o endoscopia;;;12 meses;No;El adjudicatario no podrá ceder ni transferir en forma alguna, total ni parcialmente, los derechos y obligaciones que nacen del desarrollo de esta licitación, y, en especial, los establecidos en el respectivo contrato que se celebre.;Mario Navarro C.;El proveedor deberá garantizar el suministro oportuno de los insumos de consumo necesarios para la gestión clínica y administrativa del Instituto Nacional del Tórax, con el fin de prestar servicios con la efectividad, seguridad y condiciones de calidad que cada paciente requiere.;https://www.mercadopublico.cl/Procurement/Modules/Attachment/ViewAttachment.aspx?enc=UgoKm68QFyaE%2fuXXAYcd5hODDQLaTcNBtzFmOMxUBJWmf%2buA5MYHUKS2tlYsSbGuUAYxR1Iyb8xzShR8yPLHMCjNYCwvZI5zJdG%2fn8y7EvqeQhy7quXH2dciaWotlyFV%2bZahacjpcNrg7U2mcuy5TWWcVYyyk6uI2ZIHVsjyp4MbgoppgQNtdobpwfqdsAQsjQr7DnUS970r26I%2fHZRMsZse2x0Np3qe5mAu%2be6%2f%2bXaOOpypvPnbHjKmUWQwBBSzlpdqyjHmMsbiGw8ImDATHdzcg%2fxUp%2b02EWEBjzg5U5ojPKc0uB8fJpp%2bWcYfAcK6
2704-76-LE26;SC1101 y 1105 Adquisición de licencias software;Publicada;UNIVERSIDAD DEL BIO BIO;Universidad del Bío-Bío - Campus Concepción;Región del Biobío ;Concepción;22-09-2026 17:33;02-10-2026 20:00;4;24500000.0;CLP;LE;Tecnologías de la información, telecomunicaciones y radiodifusión / Software / Software de gestión;1 Unidad · Software de gestión de adquisiciones · 1 Unidad · Software de gestión de adquisiciones;;;;No;;MÓNICA BAEZA;adquisición de licencias del software Etabs Nonlinear V23 y DesignBuilder versión Engineering Plus, según solicitudes de compra N°1101 y 1105 . Segun descripcion del servicio.;https://www.mercadopublico.cl/Procurement/Modules/Attachment/ViewAttachment.aspx?enc=LfrklAjoKSQeCEgknj7wbyQOTAmuUXZv471%2bQq7HKYvS0NWvcsMpsUhkzhvBSV%2bV61knOWXiFw%2fvNJwoYgzKukEzLDTS0LDqR8BxCRMRoZ4LVJS8t65XlrmpHl1sHEW3WUxJVMG%2bFHV2jcBl5NMgMhFJzlFLLT38xUvFEK0sSjilCIzwdpgsGq%2bpocxiSPnPKAPAZi%2fZshmAwtwHfgaLBFh5878EP8HN9Lg%2bjJyoukXtMt3zbxSUoutsRllpWr7EKgFilARYrmMnqWUc2%2bR0wWBW%2foWQPifUlYMfTFYaFjHGE%2bHhcLjEJzv5DTp%2bmpxl
5251-83-LE26;SUITE DE PRODUCTIVIDAD O SOFTWARE DE OFICINA;Publicada;UNIVERSIDAD TECNOLOGICA METROPOLITANA;DEPARTAMENTO DE ABASTECIMIENTO;Región Metropolitana de Santiago;Santiago;23-09-2026 11:44;02-10-2026 20:00;4;64600.0;USD;LE;Tecnologías de la información, telecomunicaciones y radiodifusión / Software / Software de gestión;1 Unidad · Software de gestión de licencias;;;12 meses;No;;José Leyton;"Nuestro objetivo principal es asegurar la renovación anual de las licencias de la suite de productividad, garantizando que los estudiantes de la Universidad Tecnológica Metropolitana (UTEM) puedan continuar utilizando estas herramientas esenciales en sus actividades académicas y de investigación. Estas licencias son fundamentales para el desarrollo de sus estudios, facilitando el acceso a software de vanguardia que mejora su aprendizaje y productividad.
Además, es crucial que los funcionarios de la UTEM dispongan de estas licencias para llevar a cabo sus funciones administrativas y académicas de manera eficiente. La adquisición debe cubrir la totalidad de las licencias necesarias, sin aceptar propuestas parciales, para asegurar la continuidad y eficiencia en el desarrollo de las funciones académicas y administrativas de la universidad.";https://www.mercadopublico.cl/Procurement/Modules/Attachment/ViewAttachment.aspx?enc=V8KIy2kp73fQiw9HfiOFGrw4DXAoSi5FChqrgzHCYV%2fODskrQ297qBTLqWuvnj58Oo7VmR3Z9tL3h6AQOQX4UO%2bsa1GRwChZmNicW1lE8NsOwRugf4CTkTDAv18CZDpmq7OQ2KhWt2zfWOnJeCAbraSEH9RbNHhp0Hg%2fYU2BYJO2NaQvBf1FPdgQsYS4P3oQy8ujRoutn6Mk10CAfm403BwGw2ZhiqAX%2b4mhcZ95u5kRHqiQMe0VjNMouWGod9%2fM4JODCQw3L2mblH6RJXg1QrWfy%2ffPGyL3ahaR3z0o321XWbZiAXfsiOTLF2Wn2ZOY
1057500-76-L126;Licencias Suscripción Software;Publicada;SERVICIO DE SALUD METROPOLITANO SUR ORIENTE;Bienes y Servicios;Región Metropolitana de Santiago;Providencia;24-09-2026 11:27;05-10-2026 15:00;7;5600000.0;CLP;L1;Tecnologías de la información, telecomunicaciones y radiodifusión / Software / Software de gestión;30 Unidad · Software de gestión de licencias · 1 Unidad · Software de gestión de licencias;;;;No;;;"El SSMSO requiere para su área de desarrollo informático los siguientes servicios informáticos: 

•	30 licencias Trello
•	1 licencia Apple Developer";https://www.mercadopublico.cl/Procurement/Modules/Attachment/ViewAttachment.aspx?enc=LG%2bdcgE2M9Lhqu8hbnk1asP2tWamD%2b97u0UGOA8gDBxkZfipGvSWLt4zatMp2hTCYn%2famF72spZGnRf7Su1pWQZSff72jX3M%2fe6YgnxRHH2zbB%2bioHFmRKB0jNsS2OhRbNNCr5OndUgvOk9g9aJoZhCntXQCDWfCmJhmVdPcyKHKtacXpyR5SWiHhLKtT4ThxH1AdBiKQVgEusTtQPQlmG5ef%2bWjkJQX261OKOswR87C5GCFxzwqq1mb5wOF9XFZg0epNQ%2b5NPbbwvicvlV1d5Uxqg54zwCgPoXKQxGcN6x2FXID89a5GGJevEtZqiP4
1084148-18-LE26;“RENOVACIÓN Y ADQUISICIÓN DE LICENCIAS DE SOFTWARE POR 12 MESES PARA EL SERVICIO LOCAL DE EDUCACIÓN PÚBLICA CHINCHORRO”.;Publicada;SERVICIO LOCAL DE EDUCACION DE CHINCHORRO;SLEPCH - Programa 01;Región de Arica y Parinacota;;25-09-2026 10:25;05-10-2026 15:00;7;8332800.0;CLP;LE;Tecnologías de la información, telecomunicaciones y radiodifusión / Software / Software de gestión, Tecnologías de la información, telecomunicaciones y radiodifusión / Software / Software para trabajo en redes;8 Unidad · Programas de gestión de proyectos · 8 Unidad · Software de sistema experto · 111 Unidad · Software de servidor de comunicaciones;;;12 meses;No;Según el punto 10.8 de las Bases Administrativas;KAREEN FUMEY MICHELL;“RENOVACIÓN Y ADQUISICIÓN DE LICENCIAS DE SOFTWARE POR 12 MESES PARA EL SERVICIO LOCAL DE EDUCACIÓN PÚBLICA CHINCHORRO”.;https://www.mercadopublico.cl/Procurement/Modules/Attachment/ViewAttachment.aspx?enc=GgMELnE52Hpj3snaaffc1WZDhi8AL1DPkA7D03WsnpNAag9PawTwwiLn8EjCOoDtU6Bgujd2J%2bGTKodk1hv9dlMw0Z5QM7Chq2jnxJ7%2bvOV84%2b0kFeIbACOu3nc7Q8zwRMbu5l7YNfcN4XgbU3hKB1NEfXk56PKTtpM%2fcvUQm%2bwn2095L89%2fkupONpHi0j8GCpIuN0uODEn3LoxbSvySgb4XjhN1ECko6UDMql7S%2f4wpJCtO25lFaBz%2b%2bHSaNYSz6GCEiRq2D1QZ%2bJaB09fvakKP5EFIFt3216QnV6LFLelOz4VPQp%2bYDZncgPDslkja
3510-24-LE26;Adquisición Equipos Tecnológicos y automatización;Publicada;I MUNICIPALIDAD DE CALBUCO;Departamento de Educacion;Región de los Lagos ;Calbuco;25-09-2026 13:58;05-10-2026 15:00;7;38560000.0;CLP;LE;Artículos eléctricos y de iluminación / Equipamiento y artículos eléctricos / Equipamiento para distribución y transformación eléctrica, Instrumentos musicales, juegos, juguetes, artesanías y materiales educativos / Materiales, artículos y suministros didácticos profesionales y para el desarrollo personal / Materiales de enseñanza de tecnología, Muebles, accesorios, electrodomésticos y productos electrónicos / Equipos y accesorios audiovisuales / Equipos audiovisuales y de electrónica menor, Tecnologías de la información, telecomunicaciones y radiodifusión / Equipos informáticos y accesorios / Computadores, Tecnologías de la información, telecomunicaciones y radiodifusión / Equipos informáticos y accesorios / Pantallas o monitores de computador;2 Unidad · Fuentes de alimentación continua · 1 Unidad · Materiales de enseñanza de robótica · 2 Unidad · Monitores de pantalla táctil · y 2 más;;;;No;No garantiza el cumplimiento del contrato;Belén Ojeda Parancán;"Adquisición de Equipos Tecnológicos y de Automatización para la Especialidad
de Mecánica Automotriz correspondiente al Liceo Politécnico.";https://www.mercadopublico.cl/Procurement/Modules/Attachment/ViewAttachment.aspx?enc=lP2ijRtuahyWIFU0mpOqqHtXpHNPhiPcBgI4fZFaKYaWcv9y9aygdaLdpk9EycjMkAc1bJnfv1eIa294%2faHDMtv7XMt%2bxKBF3%2fiUpu5laiUzNXdFwXG6%2fyhnISPBbAxfB5GDJ3Zo3kc2GaSYkrtsXSiQl%2fe%2b5tAxATsVv8R1zkT%2fh1sIRZOmmg0%2bobZBZXrJNc%2fOCmZ8BVVIYPiOP4EMq%2bYPzAvJBPbHSwhbHGpdC2MFoG9kCFFILyuGM0fs9ITAzlctNBs4xSvR0xlWrc56pThl%2bYGkyyvZK%2fm%2bdyQCOEWGNgREbghdRWvlFttioJfV
3671-70-LE26;“RENOVACIÓN DE LICENCIAS SOFTWARE AUTODESK CIVIL 3D Y REVIT”.;Publicada;ILUSTRE MUNICIPALIDAD DE CHILLAN VIEJO;Secplan;Región del Ñuble;Chillán Viejo;25-09-2026 16:05;05-10-2026 15:00;7;;CLP;LE;Tecnologías de la información, telecomunicaciones y radiodifusión / Software / Programas de desarrollo;1 Unidad · Software de arquitectura del sistema y análisis de requisitos;;;12 horas;No;;MARIA PAZ VASQUEZ RAMIREZ;La I. Municipalidad de Chillán Viejo llama a Licitación Pública a través del Portal Mercado Público, para adquirir  “Renovación de licencias software”, de acuerdo a las presentes Bases Administrativas y Técnicas. Se pretende obtener la mejor calidad y oportunidad en la prestación de los servicios a un precio conveniente.;https://www.mercadopublico.cl/Procurement/Modules/Attachment/ViewAttachment.aspx?enc=50kbr0qTtNQQsYY7hwP6J3leA2xD15zBZCTH1yWtu%2bPo%2fY8j1GkNDeBwl51Gg8zCCmR7k94ETfcoy6riXBtf3gqMyuF0mooecJiYerxfjNzZ1DMCIl4WAnDdqDkq9tEwJMPC2%2bwFz%2bxfAnC9VPthlhwYWZezhI8G%2bap4zBhC6tGVP294XQ6blZZlRorxL70APjuaQjWyyw9tvBwI7%2bZ5JRZhqHw5P4hL4f2gCYrJTKZLaXuYsIbRoLd6LoUVRQAQhxIt2Ttj%2fbt%2b8PVZiG%2bC56q75ozhRsjQL%2bF0xbY5vrbuB3O2wFA1O%2f1sA73U9aUw
584105-33-LE26;LICENCIAS DE SOFTWARE;Publicada;SUBSECRETARIA DE ENERGIA;P01;Región Metropolitana de Santiago;Santiago;25-09-2026 09:56;05-10-2026 15:00;7;;CLP;LE;Tecnologías de la información, telecomunicaciones y radiodifusión / Software / Software de gestión;1 Global · Software de gestión de licencias · 1 Global · Software de gestión de licencias · 1 Global · Software de gestión de licencias;;;;No;De acuerdo a lo establecido en bases adjuntas;Gonzalo Aravena;Adquirir las licencias de software detalladas en el numeral 3.1 de estas bases técnicas, por un periodo de doce 12 meses contados desde la fecha de su habilitación, con el objeto de que losas funcionariosas puedan hacer uso de estos softwares para el desarrollo de sus funciones y el cumplimiento de los compromisos institucionales.;https://www.mercadopublico.cl/Procurement/Modules/Attachment/ViewAttachment.aspx?enc=vQXPIgs62o6wiSsOBsT3OA45qGOdCZdRnul1fkIFKZDdvqGwDxv81XxIZf%2fLj%2fnAFOayDb7SWa7xNF7ITKIjUAuwMKjtCay3QPEFyydxirsZJfPowO0RDe6YDnRs7MTM7mtK2U4eZzgz4IFntv0pyQ9CKNd%2fN2P45QQC966mek6XWcE7HmN%2fwTAWvGSjsLYeULoq1wcUnZlPVhqoD7R2Q%2bbMgmgB6FkBke7u17h7L7OTMiNFMKSdqDrUmb0hPjYwQkVsgGLZFB2Ckf1sT8Pepstx4NILyIk8t8l20O6EkuKpHz3TRtnbp0ChYrSeXYn4
5890-11-LP26;PLATAFORMA DE ANALISIS AVANZADO MALWARE PNCO2025;Publicada;POLICIA DE INVESTIGACIONES DE CHILE;JENACO;Región Metropolitana de Santiago;Independencia;15-09-2026 12:53;05-10-2026 15:00;7;235620000.0;CLP;LP;Tecnologías de la información, telecomunicaciones y radiodifusión / Componentes para tecnología de la información, difusión o telecomunicaciones / Accesorios de soportes de almacenamiento extraíbles;1 Unidad · Cajas de almacenamientos de diferentes soportes;;;;No;NO PERMITE SUBCONTRATACIÓN, ARTICULO 53 DE LA RESOLUCIÓN;DIEGO MONTES ISLAS;SEGUN BASES ADMINISTRATIVAS Y ANEXOS ADJUNTOS;https://www.mercadopublico.cl/Procurement/Modules/Attachment/ViewAttachment.aspx?enc=sCD6VIbSXX8tDxtQ2O1iecUYCl6WTZSoPyg3%2fumzBt%2fBQ2b78KMkhLx3CSprHP2DqFcHDKmnqAzfi8u6Dgs1Vlssd8UNQtttsU6cWSUvlMR8v6AtLz9tz4nRpOxZSu9chxYgsIjAVIvNrpX6z%2b2R456cQF2HC9ieVlz2x1ynrHigmGGtOTXHHyP9dhZ0W%2fllMgxOCfJTNBJCgW5sI%2ffgkRzMSvyEcZd26bBUKBeaJE706J4i0V88xtCfZzc0oBbYd%2fsYfmRgDFYYrHraq31jC7FGfBBaSpUuq5S4UMXGV4CGyJFq0lJN7KilWwut0TxS
652-52-LE26;CONVENIO DE SERVICIOS DE RADIODIFUSIÓN Y PLATAFORMAS DIGITALES;Publicada;SERVICIO DE SALUD ARAUCO;SERVICIO DE SALUD ARAUCO;Región del Biobío ;Lebu;24-09-2026 10:04;05-10-2026 15:00;7;;CLP;LE;Servicios básicos y de información pública / Telecomunicaciones / Servicios de radio, Servicios editoriales, de diseño, publicidad, gráficos y artistas / Publicidad / Publicidad en medios no impresos;1 Unidad · Estudios o equipos radiales · 1 Unidad · Estudios o equipos radiales · 1 Unidad · Estudios o equipos radiales · y 6 más;;;12 meses;No;;Fernando Alonso Pardo Santander;La presente tiene como objetivo efectuar un convenio de servicios de radiodifusión y plataformas digitales.;https://www.mercadopublico.cl/Procurement/Modules/Attachment/ViewAttachment.aspx?enc=4zD1Ps41Sqr%2b%2bK2ktsWGwmW%2bgcA0%2f7bT4%2fVHhLrawZzjjmvQvgX1kzE9gOkuf8h3fmqQlbaUhEfWnv%2btRFFbDeagK7KM1nKaxItKU%2fNVrfAvDA2HSRCOAD%2byjM3ZsHdbW3Cd98%2bNk0SxJLP1PQuqh1DTSCOgAVfijygbcVIS6hngrhU4NMxX1RSiMrF2r%2bXiY5THPuC6ilSHvoSdvW0%2fDlU%2bWxJgl2chR24iZcO7WxE4oQFZSiB9RKVzJm%2bFgPgvYXzuculecsL330LW2HoWvcI63AnQUj1QBKzb023yZUUM8Ii%2bYvjqGxGbCto5woPc
761-22-LE26;LICENCIAMIENTO ADOBE CREATIVE CLOUD E6945-2026;Publicada;SUBSECRETARIA DE DESARROLLO REGIONAL Y ADMINISTRATIVO;Ministerio del Interior - Subsecretaría de Desarrollo Regional;Región Metropolitana de Santiago;Santiago;21-09-2026 18:10;05-10-2026 15:00;7;10000000.0;CLP;LE;Tecnologías de la información, telecomunicaciones y radiodifusión / Software / Software de gestión;1 Unidad · Software de gestión de licencias;;;12 meses;No;;JOSE HORMAZABAL;RENOVACIÓN LICENCIAMIENTO ADOBE CREATIVE CLOUD PARA SUBDERE” E6945-2026;https://www.mercadopublico.cl/Procurement/Modules/Attachment/ViewAttachment.aspx?enc=rL6%2baJNppyLI4E0ycT0pDv3Jv98zdJgso3VYX1VqPVaihJ9RzoXAEcDz8vgwZJU5tcZaUN21JkW7o3Ceo8h7y99tohgYI2TPcbWofr4eLL%2b6F8V7tKuDqn2vlxHrZTMJ2209fos0QnQPKLdXRrzszQNubOCbtfJq%2fTFNYfTfp9S4JTezDkPd5yoQhoyv31e5UEPa5xnvgfbI7S0n%2fwkryHDnbE%2b97LlQGA4AN2D4sLLg9whEWi6CSYaBR0mmyPZ7Pv46FfT9RDnRTxDm565akrBLW27dK7fvps9YbWfnlt9keFhMmCGrvwiKDul9%2fhkr
799512-50-LE26;COMPRA TENSIOMETROS DIGITALES;Publicada;CORP MUNICIPAL DE VALPARAISO PARA EL DESARROLLO SOCIAL;Corporación;Región de Valparaíso ;Valparaíso;21-09-2026 15:52;05-10-2026 15:00;7;;CLP;LE;Equipamiento para laboratorios / Instrumentos de medida y experimentación / Instrumentos mecánicos;37 Unidad · Tensiómetros;;;;No;;MARIO DEL CARPIO VARAS;COMPRA TENSIOMETROS DIGITALES;https://www.mercadopublico.cl/Procurement/Modules/Attachment/ViewAttachment.aspx?enc=FiqFWcHr4tB8l5aqjp%2fE8T62Jbt6WXz6ZtlYj59uNA94zYYum%2fz5PZoPICx8sPS3NrRDID1aERNxWIZUWj0srKVi%2ftUpHyNqAZBg38AqijpKZfJZ3gqlKhRb6shuXD%2fCXTW3yynMnHXa3pUwEdFum8RkLTFrnZaWPnzcDvFo%2bfVSmU%2fpiup0fxIvm7DIkVkR1K%2fUrU8jjcficSv2tzNNRH4N09%2bPXlTCeijRAGUlkhKRXvaRJovYLA5TUBUZ8odDZsu85ea4NwaChGiWTtK%2bptZV6Dqpq39XPV0%2fYjtC2NrsX0SyhxTnLOBuatJYPNJS
869591-12-LP26;CONTRATACIÓN DE PLATAFORMA DE GESTIÓN DOCUMENTAL EXPEDIENTE ELECTRÓNICO Y GESTIÓN DE PROCESOS;Publicada;DIRECCION DE COMPRAS Y CONTRATACION PUBLICA;Calidad del Gasto en las Compras Públicas;Región Metropolitana de Santiago;Santiago Centro;15-09-2026 14:35;05-10-2026 15:00;7;;CLP;LP;Tecnologías de la información, telecomunicaciones y radiodifusión / Software / Software de gestión de contenidos;1 Unidad · Programas de gestión de documentos;;;44 meses;No;ver clausula 10 de las bases especiales;Marcela Cabrera;CONTRATACIÓN DE PLATAFORMA DE GESTIÓN DOCUMENTAL, EXPEDIENTE ELECTRÓNICO Y GESTIÓN DE PROCESOS PARA LA DIRECCIÓN DE COMPRAS Y CONTRATACIÓN PÚBLICA;https://www.mercadopublico.cl/Procurement/Modules/Attachment/ViewAttachment.aspx?enc=aI6PrXTD%2fDqS86NrgSPP%2bKvKDSHmGpynSR%2bOa4rBVTF2nmkhE9YyZHAdPeHibhAvW4GlEruZcphIxUHBd921CNuK5VuVHVbFdD%2fPQn%2f6sEQDtxxukY6CW2feaua7Gsf%2bgsQ7UqhZnyiT9CTMVelo7P4S4PmdlSxZ%2bFm4QHmsGfDqzkTR1%2fNm4mmtY1oor1QVkZzV3ZQTyzl39ALz9PsBP9PEgE8M77BokJU5mKWuBOLshLMM3w6se2HnoXusD1Zwq7ZtLEO8OEmBHwQIk7HhBL%2bUM%2flVqcOpkEBidhX8jUGJTl7aspphy7UkpKssiFDb
1110404-215-L126;PROVISIÓN DE SOFTWARE ASC HORARIOS 2026, PARA ESTABLECIMIENTO EDUCACIONAL ANTONIO VARAS DE LA BARRA, PERTENECIENTE AL SLEP CHINCHORRO, ARICA;Publicada;SERVICIO LOCAL DE EDUCACION DE CHINCHORRO;SLEPCH - EE - Programa 02;Región de Arica y Parinacota;Arica;28-09-2026 07:15;05-10-2026 15:00;7;;CLP;L1;Tecnologías de la información, telecomunicaciones y radiodifusión / Software / Software de administración de redes;1 Unidad · Software de administración;;;;No;;;PROVISIÓN DE SOFTWARE ASC HORARIOS 2026, PARA ESTABLECIMIENTO EDUCACIONAL ANTONIO VARAS DE LA BARRA, PERTENECIENTE AL SLEP CHINCHORRO, ARICA;https://www.mercadopublico.cl/Procurement/Modules/Attachment/ViewAttachment.aspx?enc=twPlOLVIu0gxEGPMFVHsMW1SBWoyxz%2bSVg5Ni%2bZBYswQsU751dRAPBiSCxMl1IbHCwkSpfbTELDICn2Yyts%2bxf8ogcwLwoRD71si7hC7O04ElVF9E5XNWasl8TPRQAJNfF8aCnlBFcKPEpYkg5kHhadcp8eebn%2bWa6rP8AIRTvu0uHKKLAtNf0Q5A%2b4F%2bzig4kdrVwbn1QcBxUSZjLNTcnqGe%2b8gxNsdGRFVcL722aEDXMz1%2fNqq%2bGUBeKvWN97cAlIeGUdvF0wAXYxGx31TMFTPST16YDqr%2fXlHdxlFRdv%2bvxOYs4cONIRba263RULQ
2385-56-LE26;ADQUISICIÓN CURSO OFIMÁTICA E INTELIGENCIA ARTIFICIAL;Publicada;I MUNICIPALIDAD DE CALAMA;ADQUISICIONES;Región de Antofagasta ;;14-09-2026 12:16;05-10-2026 15:00;7;7500000.0;CLP;LE;Educación, formación, entrenamiento y capacitación / Sistemas educativos complementarios / Educación de adultos;1 Unidad · Capacitación a empleados · 1 Unidad · Capacitación a empleados · 1 Unidad · Capacitación a empleados · y 1 más;;;;No;"El adjudicatario no podrá ceder ni transferir en forma  alguna, total ni parcialmente, los derechos
y obligaciones que nacen del desarrollo de esta licitación.";Marisol Zurita;Las presentes Bases Administrativas tienen por objeto de regular las condiciones del llamado a propuesta pública que efectuará la Municipalidad de Calama, destinado a la “Adquisición curso ofimática e inteligencia artificial”, en atención a invertir en el desarrollo de competencias digitales de nuestros funcionarios, asegurando que cuenten con conocimientos actualizados y aplicables a sus labores cotidianas.;https://www.mercadopublico.cl/Procurement/Modules/Attachment/ViewAttachment.aspx?enc=lIRz0FKsE8NBMrv%2fTVI7VGIh4QoPHsCml81UbZdSB6Y4p9uJLgcNEIbDaGr%2fgX5qDLe4V9dnQMvLs3Gk12ygOz85yJbm70BrCxRx0S%2fyqQ621BgBSbmJRSYdjJhFJ4DwwrZIfH%2b3zWKHPA3ba%2bvval2ypjhfsp9BUOgbnFHtKqKuK3h5%2fKRg%2fWdi8liqlq94O1%2bjTc5f6WpP1rfGwTBYtqfh3uNmzhxD40FZ1aZ1v1aGXrcMFaBqcRR3VM7Cii3n0ZLoIkV9Qxk9ilRQbkN3JMQXecXkTzjdWetFQakDzd9LI2qilyLwDsPubFnqurYM
2422-159-L126;"SOL. ADQ. 945908 SERV. DE CAPACITACION ""GESTION INTEGRAL DEL CAMBIO PARA LA TRANSFORMACION DIGITAL MUNICIPAL";Publicada;I MUNICIPALIDAD DE PUENTE ALTO;I MUNICIPALIDAD DE PUENTE ALTO;Región Metropolitana de Santiago;Puente Alto;28-09-2026 13:17;05-10-2026 15:00;7;4200000.0;CLP;L1;Educación, formación, entrenamiento y capacitación / Sistemas educativos complementarios / Educación de adultos;1 Unidad · Capacitación a empleados;;;;No;;;"SERV. DE CAPACITACION ""GESTION INTEGRAL DEL CAMBIO PARA LA TRANSFORMACION DIGITAL MUNICIPAL, PARA 42 FUNCIONARIOS Y FUNCIONARIAS, FORMATO PRESENCIAL EN LAS DEPENDENCIAS MUNICIPALES, DURANTE EL MES DE OCTUBRE 2026";https://www.mercadopublico.cl/Procurement/Modules/Attachment/ViewAttachment.aspx?enc=xGi09qXPH6ZIDQVKtdwy9P9bnRU5w0VaqDQnuAu%2fF1ZH0vD%2b6ThI68Gsg5WZGzgfaB5JdyqPUS7Qw1J3JG8ipyRrgI491pPpgHIv9AEFO8%2fr%2fE6jzqFsmIhF9thmHZKkcgKH0z1RE9EGRbOuVSVGT%2bNnnCc8ZHhhMjvQJPeL5WHv7xM3Ym3yi5yE5O7s1ryXEEH3pKLUKHV%2b2amgWYNNWCzdJF6sd1TqvpA%2bl58liPtQ7kHBM9HS0Re7ZfYKqidK%2fd7KB6Jd1va76bUFKVJK0EIwAur1zFaajqce%2bGGRMigNHL4r8%2bemEDRX3LI7jiok
4121-25-LE26;SISTEMA DE GESTION DOCUMENTAL;Publicada;I MUNICIPALIDAD DE NINHUE;Municipalidad De Ninhue-Secretaria Planificacion;Región del Ñuble;Ninhue;21-09-2026 12:07;05-10-2026 15:00;7;30000000.0;CLP;LE;Tecnologías de la información, telecomunicaciones y radiodifusión / Software / Programas de desarrollo;1 Unidad · Software de arquitectura del sistema y análisis de requisitos;;;26 meses;No;El Proveedor adjudicado no podrá subcontratar, ceder ni transferir en forma alguna, total ni parcialmente, los derechos y obligaciones que nacen del desarrollo de esta licitación y, en especial, los establecidos en el respectivo contrato que se celebre;MARIA SOLEDAD RUIZ PINTO;"El Contrato de Suministro establecido para esta licitación tiene como objetivo la implementación de un sistema de gestión documental, incluyendo su mantenimiento, soporte técnico y capacitaciones.
A continuación, se detallan los componentes clave y los plazos del acuerdo:
Componentes del Servicio
	Implementación: Instalación y configuración del sistema de gestión documental.
	Capacitaciones: Formación del personal dictada exclusivamente durante los primeros 2 meses de implementación.
	Soporte y Mantenimiento: Asistencia técnica continua durante toda la vigencia del acuerdo.
Vigencia del Contrato
	Inicio: A partir de la fecha de suscripción del contrato.
	Término: El contrato finalizará el 31.12.2028.

Los servicios por contratar se detallan según lo establecido en las especificaciones técnicas adjuntas a las presentes bases.";https://www.mercadopublico.cl/Procurement/Modules/Attachment/ViewAttachment.aspx?enc=rQogxmM7vCC4%2fpfk4UgirdsM8VJOfPdGmV3D6tDMENp%2bkK78OyxOWUxHzBLPBxo%2fMFFAN0e732b2KL9AZwY3yfqxb2mFvl%2fl4iJpPe6kWilQl199r%2b2kOKTnngyVZyjQtb6bcBApBvPmtzJ%2fmop1DpDJQcFirKq4wfZ8Cr9I8v0bWvRl5OKtP7IBzFu9hirto9%2fnK0aQqeGqBldvPMszZtkVSJIKlSiCgUkc6N0Z9lyMRPisi5X4qYIW4W%2fSNR%2fCgKKnkt4exSUb32%2fAcM5vWn6JMVC5btwuZGmccBB78qlE6LlOlfMHVoafWpIOtaIO
1208129-9-LP26;Giftcards digitales para las FAE de AA.DD del SPE;Publicada;SERVICIO NACIONAL DE PROTECCIÓN ESPECIALIZADA A LA NIÑEZ Y ADOLESCENCI;ADMINISTRACIÓN DIRECTA REGIÓN DEL BIOBÍO;Región del Biobío ;Los Angeles;24-09-2026 11:46;05-10-2026 15:01;7;352000000.0;CLP;LP;Servicios profesionales, administrativos y consultorías de gestión empresarial / Servicios de recursos humanos / Consultorías para el desarrollo de recursos humanos;1 Global · Planificación de compensaciones o beneficios · 1 Global · Planificación de compensaciones o beneficios · 1 Global · Planificación de compensaciones o beneficios;;;;No;;Fernando Ariz Carrillo;según lo estipulado en Bases Administrativas, técnicas y sus Anexos para la adquisición de giftcards digitales o váuchers electrónicos para el correcto funcionamiento de los programas FAE de AA.DD del SPE Región del Biobío.;https://www.mercadopublico.cl/Procurement/Modules/Attachment/ViewAttachment.aspx?enc=ugRg1qkU25B7kiqplAPpfNrZdAo0MbYfd5DmRUngxYI2KY3t5Tt5JyHR2vMIqVk2xG6GXcCWiQxU9m3Msiqj%2bmaewaPQ78QAG4WuG9gLN0TJHbwmjFPlu83ip8H99cUSb0W1OsCnZyoKdQyDiqExpNu4OX3cBsxiaRrl%2bXCnKJ46JARhN4pn3JmMshPe24NheOwE6dji6NkL2ejXvMzCiQXIhHHjTrLX%2b2PYEXJZLwWRpkqym806ADzaupiOH87ysEfHP772qT25YHkhLeOpBh2uBugeGYqDhgRcV1PM9Bvs7ZIxttni8E%2bdJOAEkdr3
1562-61-LP26;PLATAFORMA DE SEGURIDAD PERIMETRAL;Publicada;SERVICIO NACIONAL DE GEOLOGIA Y MINERIA;Servicio Nacional de Geología y Minería;Región Metropolitana de Santiago;Providencia;15-09-2026 10:48;05-10-2026 15:01;7;78172750.0;CLP;LP;Servicios basados en ingeniería, ciencias sociales y tecnología de la información / Servicios informáticos / Administración de sistemas, Tecnologías de la información, telecomunicaciones y radiodifusión / Software / Programas de desarrollo, Tecnologías de la información, telecomunicaciones y radiodifusión / Software / Software de gestión;2 Unidad · Mantenimiento y soporte de hardware · 1 Unidad · Software de gestión de licencias · 1 Unidad · Programas de gestión de configuración;;;;No;;GONZALO PALET MUÑOZ;El Observatorio Volcanológico de los Andes del Sur, perteneciente a la Red Nacional de Vigilancia Volcánica del SERNAGEOMIN, con la finalidad de garantizar la continuidad operacional del monitoreo volcánico, requiere de la Adquisición de una plataforma de seguridad perimetral compuesta por un 1 clúster de alta disponibilidad HA, basado en equipamiento Fortinet FortiGate FG-120G o superiorequivalente, destinado a la protección de la infraestructura crítica y segmentación de redes del Observatorio Volcanológico de los Andes del Sur OVDAS.;https://www.mercadopublico.cl/Procurement/Modules/Attachment/ViewAttachment.aspx?enc=0wxNU%2f8avCJcF8u1FtGgGs7tvqlhp9LvS7ZOCaG8gNhFyn1rjpNFsiNnz9GTYTY8v1haInKOmTsAQ%2bPvYlIeO6MzGc%2fV1rLFwGtrBSgE6oNB83X10tmG4PfyifTyuwLnPaMH5ewioxaPTzBYUsJisvvLQOh91JYaPhrKPEjk%2bTsHFOHzHP%2brW8CVIj5mvmEP0pomZGVutjeE%2bBcULoqZuS3T3l%2fEmNfj20BrID%2fcYVS%2bzOtY3WZUOvWKbTvF6NOXYvFqmGKBRkoiI3xxK8%2fNCupkRwJvzOHzBZRS67%2bwX7BjP9Q3Wt5u8MecC%2bua6Px7
4589-16-LE26;SOPORTE DE MANTENCION Y CAPACITACION PLATAFORMA SIFIM;Publicada;ILUSTRE MUNICIPALIDAD DE TORRES DEL PAIN;adquisiciones;Región de Magallanes y de la Antártica;Torres del Payne;25-09-2026 11:46;05-10-2026 15:01;7;;CLP;LE;Tecnologías de la información, telecomunicaciones y radiodifusión / Software / Software de planificación de recursos empresariales (ERP) y contabilidad financiera;1 Unidad · Programas de análisis financiero;;;12 meses;No;NO APLICA;JOSE MANSILLA GUERRERO;Servicios a contratar para la ejecución del contrato denominado Términos de referencia “Soporte de Mantención y Capacitación de Plataforma SIFIM”, que permita el correcto funcionamiento de los softwares que la componen en la Gestión Municipal y los servicios de Salud”.;https://www.mercadopublico.cl/Procurement/Modules/Attachment/ViewAttachment.aspx?enc=xaDgS2vJc2EC%2fMwghEWGYLLYd5%2bzmk9LFm%2f6FzrIa7x%2bQU6x3PghU8aYD4%2f%2fVQWfAgnPEukD3NvarLhOVpK6gHnAPGs2suabYuBHvBKcpDbbSomMyB1khCysEu%2fJHF281anbYwd3ryMSuH0qtYZNrs6l7fj%2bNMD1vy8a5tqBSemFHLQeTSDONwOokJTW1I0laF5EgIHX8kEWUGpKN5jdB%2b3I2YI%2f%2biGRurNAsxzYMBZr7RDM%2b9rbZ5ZAMjyluwG05ATTm8STY2xNK8xINEZ6wq0v51GBQ16tAjZLUaifwS%2bYlS3E6n%2bxC7ItOaii%2f2om
761391-138-LE26;EE-133-GUB-DAS-SVC. ARRI. EQUIPOS INFORMATICOS;Publicada;FUERZA AEREA DE CHILE COMANDO LOGISTICO;Base Aérea El Bosque;Región Metropolitana de Santiago;El Bosque;15-09-2026 16:37;05-10-2026 15:01;7;16333332.0;CLP;LE;Servicios basados en ingeniería, ciencias sociales y tecnología de la información / Servicios informáticos / Ingeniería en computación e informática;1 Global · Servicios de programación de sistemas operativos;;;3 meses;No;EN CONFORMIDAD A LO ESTABLECIDO EN EL PARRAFO I.-NORMAS GENERALES DEL LLAMADO A PROPUESTA, LETRA P DE LAS BASES ADMINISTRATIVAS ADJUNTAS.;RODRIGO INOSTROZA;CONTRATACIÓN DEL SERVICIO DE ARRIENDO DE EQUIPOS INFORMATICOS PARA LA IMPLEMENTACIÓN DE SIMULADOR DE AIRBUS ACT ACADEMY DURANTE EL PERIODO COMPRENDIDO ENTRE EL 01 DE OCTUBRE Y EL 31 DE DICIEMBRE DEL AÑO 2026, DE ACUERDO A BASES TÉCNICAS, BASES ADM Y ANEXOS ADJUNTOS.;https://www.mercadopublico.cl/Procurement/Modules/Attachment/ViewAttachment.aspx?enc=vXnkX31EcEwd0QZVirfgWvwe2xRku%2b2VlveAIvbXfeqJoNNzkp5bhgoIgZSohEELihZQy40x7zx23KrQ%2fxIPpn9K%2f0h0m2BArbKcl4MwvSpEiJC888s1Qqhi1kJUJfxXmqgg%2f%2bATS65FbYaAVe5JGzE6GvG3sVpxc1sU0CEW6gJAaiVOK3c7OAvkKQuLoi5GJ1R0HrbdyeQwKEeva%2b64219Ywy0Wawe%2bfNwE4pBpzZO3QiLnl0kRn%2bSHjUDtQUioiM%2fYqT907vK81b7vbvjl532%2fc7TZ94Bz38%2bcq%2fiWNICyOs5ElVpDuS%2bMMMBtamiu
587-49-LE26;SELICO 198- 2026 SERVICIO DE DIGITALIZACIÓN;Publicada;SUBSECRETARIA DEL MINISTERIO DE LA VIVIENDA Y URBANISMO;Ministerio de Vivienda y Urbanismo(766);Región Metropolitana de Santiago;;15-09-2026 09:31;05-10-2026 15:10;7;25000000.0;CLP;LE;Servicios basados en ingeniería, ciencias sociales y tecnología de la información / Servicios informáticos / Servicios de datos;1 Global · Servicios de digitalización de documentos;;;150 días;No;NO PERMITE SUBCONTRATACIÓN VER PUNTO 1.13.5.7. “SUBCONTRATACIÓN” DE LAS BASES ADMINISTRATIVAS.;Jefa de la División Técnica de Estudio;Servicio de digitalización e indexación de documentación del MINVU y de la SEREMI Región Metropolitana.;https://www.mercadopublico.cl/Procurement/Modules/Attachment/ViewAttachment.aspx?enc=PGJTQH%2b9uLYRrbrShFNd%2bacx%2fOYWE8jCzYA%2bxoZ2wDZ%2ftLbRNhomtj1PtF%2b0JVLSfJv%2fbq1nQA7LtY4gZZlCLrjSxm9hwM6QsgUIzc8E5L8A8YMnET0HSbGJ39ouNeFrdotRuucMjutTIvLjyhYvq91%2f7x054RnbEDyDS70h4V7wdUHkoNI1TevXUNdT5LXDnID%2f11zFigXHd9NZ5x3u7Ivs3bSc3s4ywUrsg%2f4SSgl5cLXj82T9J6O%2fdHy5WGE7%2fSuHT1v%2fQIOAYTrEcoz%2f4GFZ2zw5w7bYiVBekHIxX6RylvhsyegO35oxse1xj4m9
1057049-332-LR26;JLL BASES SERVICIO DE TURNOS PROFESIONALES PARA DESARROLLO DE SOFTWARE INTERNO DEL HOSPITAL CLÍNICO SAN BORJA ARRIARÁN;Publicada;SERV SALUD METROPOLITANO CENTRAL HOSPITAL CLINICO SAN BORJA ARRIARAN;Bienes y Servicios;Región Metropolitana de Santiago;Santiago;02-09-2026 17:04;05-10-2026 15:30;7;819072000.0;CLP;LR;Servicios profesionales, administrativos y consultorías de gestión empresarial / Servicios de recursos humanos / Servicios de personal temporal;1 Global · Personal técnico temporal;;;24 meses;No;;JUAN CARLOS LAFONT;CONTRATACION DE TURNOS PROFESIONALES PARA DESARROLLO DE SOFTWARE INTERNO DEL HOSPITAL CLÍNICO SAN BORJA ARRIARÁN;https://www.mercadopublico.cl/Procurement/Modules/Attachment/ViewAttachment.aspx?enc=ZonglIEiGNVueXfQes7U%2bf8qCz2gXdpLRbJ77x9RvWP7rULhhOgZzVFWps%2bwFUn83H6JgGQJ8QracSp4Oev3kKITJKqXb3RnPys%2fTrmO3CHzOtPPioFO9gybeuwmF3vPNHqLCGH07VhW%2fIBAFyJmvukUbv9hy8N1eDzqIa0EfGqqm5FedPKC3AB59xdVNVi2lS%2bL0KIbir1PrvTCP%2fkUQg5edVeE6AdZ5Hz0XWA3AFWu8e3Pky3YBV0c9fldS629jYvKpC7S2W45OZw9f3OrIFrE9Ap%2bAs9KNpjQ7blf7e0s%2bV1B4aDGDN2PW0sEqQiF
1049-76-LE26;LEVANTAMIENTO DE DATOS SOCIOECONÓMICOS PLANTAS MANUFACTURERAS DE PRODUCTOS PESQUEROS ACUÍCOLAS Y EMPRESAS SALMONERAS;Publicada;INSTITUTO DE FOMENTO PESQUERO;IFOP;Región de Valparaíso ;Valparaíso;25-09-2026 12:10;05-10-2026 16:00;7;25000000.0;CLP;LE;Servicios basados en ingeniería, ciencias sociales y tecnología de la información / Estadística / Metodología y análisis estadístico;1 Unidad · Encuestas por muestreo · 1 Unidad · Encuestas por muestreo · 1 Unidad · Encuestas por muestreo;;;16 semanas;No;;Johanna Rojas Rojo;"El Monitoreo Económico debe levantar datos de empleo y operación de las plantas pesqueras de las regiones de Atacama, Coquimbo, Metropolitana, Valparaíso y de las empresas salmoneras de las regiones de Los Lagos, Aysén y Magallanes. Y para eso necesita personas que tengan la experiencia y el conocimiento del sector a cabalidad. 
El número total de plantas por región es el siguiente, los cuales se dividirán en 3 zonas: 
-	Zona1: Atacama y Coquimbo. 52 y 62 plantas de proceso
-	Zona 2: Valparaíso y Metropolitana de Santiago. 34 y 22 plantas de proceso
-	Zona 3: Los Lagos, Aysen y Magallanes. 62 empresas salmoneras";https://www.mercadopublico.cl/Procurement/Modules/Attachment/ViewAttachment.aspx?enc=J1glaGCt334zRPq31pFXJlWfIt6%2f0ewJx3tUP%2bJ4vCsVY3gGuHYW3HVR9PfDufGPP662JatqAxOR8pOQ7q3IiXdZao30D44De4R2ZBcykOuBkCJ8rzgq7BfUifDkNkb7O6UsjBupX8bfN0nEpH4yEj9nVwyrRvHAWbxPpRJ%2fw64f99113ItVZdCFIbT32xbRZAkagedstMOAzEnpO7aCjFMZsFM7l0qKc1Gl%2fGeMZvcc5Eh1Rh%2frCimTERGIYfyVpZka6%2fvnpyIu8WZtxI%2bQp9aAnsAZYyY2Yh9AnsB0q5q97kAXjkEn57B5KIIW4J1c
463-5-LE26;SERVICIO DE SOFTWARE DE GESTIÓN DE PERSONAS;Publicada;CENTRO DE INFORMACION DE RECURSOS NATURALES;C.I.R.N.;Región Metropolitana de Santiago;Santiago;25-09-2026 17:27;05-10-2026 16:00;7;560.0;CLF;LE;Tecnologías de la información, telecomunicaciones y radiodifusión / Software / Software de gestión;1 Unidad · Software de gestión de recursos humanos;;;;No;"ARTÍCULO 21°: CESIÓN DE DERECHOS Y SUBCONTRATACIÓN 
El adjudicatario no podrá ceder ni transferir en forma alguna, total ni parcialmente 
los derechos y obligaciones que nacen de la presente licitación, y en especial los 
31 
que se establezcan en el";Tomislav Vucina;SERVICIO DE SOFTWARE DE GESTIÓN DE PERSONAS PARA CIREN;https://www.mercadopublico.cl/Procurement/Modules/Attachment/ViewAttachment.aspx?enc=6v8UIk4Fev2sgfXIs76gTLMaxoKxOaP56ZxdqZlQHA4GgGg3R0oAVZIG3ZgVtjUMTtrFhk2S2mzmNpMIgFdFMIYNeZypBeqtQOMC1AvF3NDscpZGi3xXSL8e4D3GZ9gmleUTjuevE6qts1q6pzO5yaDbejw%2f5SzkeiwxbvJTwqbYXsdAkj6c1eFVcgri9uNtib4TwRr5XAUKq56mfHM9BAys4QZP99bKzzuAXFMrAwcQvNrfRmobA8kUtbfElq%2fGAu4%2fKLMzNWX9r%2bF5U5nShpXE5PxSF0fQOpi8xnIrTVigWOngotPIcgkEEXzFyBfV
696217-2-LP26;Servicio de Digitalizacion de Carpetas;Publicada;MINISTERIO PUBLICO;FR TARAPACA;Región de Tarapacá  ;Pozo Almonte;23-09-2026 17:54;05-10-2026 16:00;7;150000000.0;CLP;LP;Servicios basados en ingeniería, ciencias sociales y tecnología de la información / Servicios informáticos / Servicios de datos;1 Unidad · Servicios de digitalización de documentos;;;;No;"Los derechos y obligaciones que nacen con ocasión del desarrollo de esta licitación serán intransferibles.

El adjudicatario no podrá subcontratar la digitalización, carga, respaldo, custodia ni destrucción de la documentación. Podrá contratar servicios";Cristian Olmedo Gamboa;"El MINISTERIO PÚBLICO necesita contratar el servicio de digitalización y destrucción documental para la fiscalía regional de Tarapacá, mediante un único contrato, desde la suscripción del acta de inicio y hasta el 15 de diciembre de 2026, con el objeto de digitalizar, cargar, respaldar y disponer de manera segura la documentación institucional descrita en las Bases Técnicas.
Los servicios deberán prestarse de acuerdo con las especificaciones y términos señalados en las Bases Técnicas, detalladas en el apartado II de estas Bases, para lo cual las empresas participantes deberán presentar propuestas que se ajusten íntegramente a ellas y a las presentes Bases Administrativas.
La presente licitación comprende un único ítem, que será evaluado y adjudicado a un solo oferente o declarado desierto. Para efectos de cotización, evaluación, control y pago, el ítem contiene dos componentes económicos independientes: páginas digitalizadas, cargadas y validadas; y páginas físicas destruidas de manera irreversible, certificadas y recibidas conforme.";https://www.mercadopublico.cl/Procurement/Modules/Attachment/ViewAttachment.aspx?enc=tpzkuxv3rhggAkSmPDM2BcKymlze0RL0keR%2bq0%2bYBEXYJjhtpB5v7XnG9uBCfNQgnTSNJpVf9h%2b4q2kKutQnWM77waDp%2fxSDnmzb6PifNejguOb3mjLNZTFMp5YcXAG0KUt6CSbNl2JELjT6891nZmlXxw2dRL680XDckfHABtDY6xBV%2bMJJ4gl62xB3f%2bdr%2fKsYfgM1n%2fYizH%2f0QjMPcfZW5vPB%2fZxNb8ZymyBxglSQeXRjmNFLpmv8lvcvXaYbo4vqCKFGRZjQIiHNBv3JWEAY1selMDyW3rB8w1Hh0seko25iA1P0bqBtIi0Ymqkx
885-85-LE26;Adquisición de licencias de software Acrobat Pro DC for teams ALL MP MLA Team para la Contraloría General de la República.;Publicada;CONTRALORIA GENERAL DE LA REPUBLICA;Contraloría General de la República;Región Metropolitana de Santiago;;15-09-2026 15:52;05-10-2026 16:00;7;11000000.0;CLP;LE;Tecnologías de la información, telecomunicaciones y radiodifusión / Software / Software de gestión;50 Unidad · Software de gestión de licencias;;;12 meses;No;;Irma del Carmen Garcés Ramírez;La Contraloría General de la República llama a presentar ofertas para la adquisición de 50 (cincuenta) licencias de software Acrobat Pro-DC for teams ALL MP MLA Team Licensing por un período de 12 meses.;https://www.mercadopublico.cl/Procurement/Modules/Attachment/ViewAttachment.aspx?enc=pUVrCSTmDUg4rKXYXys5PiAlC8pdumdjHcpxqGc2iMfOPG3mYJHwTMOGmH5WLflQhLkKYguwJ%2fyD3a34IjtTs1r4D9znrI%2fzd63dRPAyBfxjaariEp554SbjC3Q0B5%2bFAPBsaE1pMxv%2b%2b2Cs%2f0Z33Vt9%2f0nx9MwOy3szF57ybHbJ0j4jXb5sv2bJ5MiqHGQJPneWy2m7qjqtGflmSvLFUi94BrUJv%2f6wFYbbqdVUT%2bHyOcMHoBVuZG7Gns6Y%2fKAjXNWUJum12F0raUc9cvy8cS%2fLwwAIRl0uCsS8YX3VbjsOH%2f3j%2fBXqFe%2bWYV0n0FaE
948354-137-LP26;LA ADQUISICIÓN DE EQUIPO DE RAYOS X ARCO C CON FLUOROSCOPIA DIGITAL PARA EL HOSPITAL DIPRECA;Publicada;FONDO HOSPITAL DE LA DIRECCION DE PREVISION DE CARABINEROS DE CHILE;Unidad de Compra de Bienes y Servicios;Región Metropolitana de Santiago;Las Condes;15-09-2026 10:33;05-10-2026 16:00;7;235000000.0;CLP;LP;Equipamiento para laboratorios / Instrumentos de medida y experimentación / Equipo de examen no invasivo;1 Unidad · Equipo de examen por rayos X;;;;No;;Rodrigo Arriagada;El Hospital de la Dirección de Previsión de Carabineros de Chile, ubicado en Vital Apoquindo N°1.200, Comuna de Las Condes, Región Metropolitana, en adelante “EL HOSPITAL”, llama a Licitación Pública para la Adquisición de Equipo de Rayos X Arco C, con Fluoroscopia Digital, en adelante “EL BIEN”, cuyas características y requisitos técnicos constan en las Bases Administrativas y Técnicas de esta Licitación con sus respectivos anexos.;https://www.mercadopublico.cl/Procurement/Modules/Attachment/ViewAttachment.aspx?enc=zQHJoJIe2vAZfPWTgL3c8HSEkPAdmq64nPnsndqYhe95VfU7yRckM1KNXPtKDM%2f13JO4wa3mWXz%2bCcIVquDy7cME0OsP5ffL3bjMRFkzo0p73NvkJ%2fk5zUN5N4XVQbHBcoZWRq8LwaHuA874JpS1tK2QaVp112Buydh7huqdYWZGR45fF4SCemFCvFii9OL9VbM8CefGH9z0NeUMy66KzWu1%2bKmntTRRAIVV1IMk4EJ4Xobi7Fvjse6gBNURep3hl%2fIc%2bXVv4O2XbeNir8kAzb0aZfSgoLhFVUIRjMdyOZ6tgihRS2KJU9xUxc%2faR0fy
1456836-4-LP26;Software de Gestión de Personas y Remuneraciones;Publicada;SERVICIO LOCAL DE EDUCACIÓN PÚBLICA HANGA ROA;SERVICIO LOCAL DE EDUCACIÓN PÚBLICA HANGA ROA;Región de Valparaíso ;Isla De Pascua;14-09-2026 20:36;05-10-2026 17:00;7;;CLP;LP;Tecnologías de la información, telecomunicaciones y radiodifusión / Software / Software de gestión;1 Global · Software de gestión de recursos humanos · 1 Global · Software de gestión de recursos humanos;;;24 meses;No;De acuerdo con el numeral 13.1 de las bases, el adjudicatario no podrá subcontratar los servicios de que trata esta licitación.;Merahi Hito Solar;Servicio de arriendo de Software de Gestión de Personas y Remuneraciones para el Servicio Local de Educación Pública Hanga Roa.;https://www.mercadopublico.cl/Procurement/Modules/Attachment/ViewAttachment.aspx?enc=kEdxCjmZF2WuSRubKS9igBG7GYVUv9Yyo9XRADEsUaPISoEf7IuS%2bXvi3pqu0dwhr1aIXCCdb8k90rSo3zkjzUyPdqMXd1KOlnhO0%2fJ5kgSESFujLKDfFl1daXtCJc5dgb0%2ft0aQbozIR8gLDjfJl6PG5nLY3VTMsgtOfxYkGiCEjegMoZ1qOrm1YJ4Ibd8yibbLuScsw9QwAYtgBz4qi9VbghGhOswCAjVSUI83bOFC1XkpM6HmvLL%2f8zjHzMFLFvy1Dnums6kAs8nTYN0Yblor8NqO0oVuMeLvk8OHbcugczxagWxYF2R3KhWZJe13
1663-148-LE26;CARROS INFORMATICOS CLINICOS;Publicada;SERVICIO DE SALUD CHILOE;Hospital de Quellón;Región de los Lagos ;;23-09-2026 09:49;05-10-2026 17:00;7;;CLP;LE;Artículos de fabricación y producción / Artículos de ferretería / Accesorios de Ferretería;7 Unidad · Estantes de montaje;;;;No;;CARLOS CORTEZ ALVAREZ;EL HOSPITAL DE QUELLON REQUIERE LA COMPRA DE CARROS INFORMATICOS PARA USO EN AREAS CLINICAS EN LA ATENCION DE PACIENTES;https://www.mercadopublico.cl/Procurement/Modules/Attachment/ViewAttachment.aspx?enc=utwfsFZedv827wx6vh1beZsZ6vFF25REpNak48HdvjEGF4pm3EpC3QEjP1XoPZp7VFMVPEfD4LNInHvZnK8FRk6cVdttyXHb3gxoPBjAMAy9gita7Gx2VmuuORVI8HGcciuKDpxp6wRRC2l55at5eeeY%2fa8gUsTyLfVZQ%2bdridm5PK3M1he8Wn8DqZM%2bDfSktVvhSyNolE807rD7Obi2MPApnPOjWhMfCiSub0xoo%2burpxGUf5S1jLl1kUDSGRraB2bkUYiNtnqfvQrn5EGZReSmfAERwWBXgaxrF4oET01%2fL8T3Zk7cLIzqBEo2mW1d
3666-12-LE26;GESTION DOCUMENTAL Y DIGITAL MUNICIPALIDAD TILTIL;Publicada;I MUNICIPALIDAD DE TIL TIL;Secretaria Comunal Planificacion;Región Metropolitana de Santiago;Til Til;10-09-2026 13:28;05-10-2026 17:00;7;58000000.0;CLP;LE;Tecnologías de la información, telecomunicaciones y radiodifusión / Software / Software de gestión de contenidos;1 Unidad · Programas de gestión de documentos;;;24 meses;No;;Diego Caballero Tapia;La presente Licitación tiene por objeto la contratación de una solución que comprenda al menos cinco 5 módulos funcionales interoperables: gestión de expedientes electrónicos, solicitudes ciudadanas, firma electrónica, agendamiento ciudadano y analítica de datos, todo bajo infraestructura de alta disponibilidad y cumplimiento normativo vigente.;https://www.mercadopublico.cl/Procurement/Modules/Attachment/ViewAttachment.aspx?enc=EOBagJ4YMK5vxUFcM8Wp2I6V1tui91esmE5mPK%2bhFrA2qgA0UKj%2frepOwU3KLncZmkEBf%2fGhJ30sWtcSucDCEkYFL6szQnnXpmuLK8H7MQQ5xFBLbQ%2beR7bBfce63c74l8uAet9Py026YeDB7ck%2f04GB6qMPlWHhcT%2fEozympeXZofL4dv0rjPup%2fO9P9VE3XqgO%2f9NXFd9IUlRPLOt4TDOtDYuwYaWesg19o8vAfg7fyEFSwpPnstb0TylyjQT8XTU5hJDNfC2yWPVOCwHN%2f5AT6Nq6%2f688DJWN8LcunzIFPmKb7PHva%2fO9dxq6scPc
1013353-38-LE26;Normalización y soporte de la infra. de Red Datos.;Publicada;SERVICIO LOCAL DE EDUCACION LAS BARRANCAS;SERVICIO EDUCATIVO PROGRAMA 2;Región Metropolitana de Santiago;Pudahuel;25-09-2026 12:09;05-10-2026 18:00;7;;CLP;LE;Servicios basados en ingeniería, ciencias sociales y tecnología de la información / Servicios informáticos / Administración de sistemas;1 Unidad · Soporte y mantenimiento de red de área local (LAN);;;;No;;Unidad de Tecnologías de la Información;El Servicio Local de Educación Pública de Barrancas requiere contratar el servicio de normalización de la infraestructura de red de datos del Complejo Educacional Pedro Prado, con el fin de restituir y mejorar su conectividad mediante la instalación de backbone de fibra óptica, equipamiento activo de red, red inalámbrica, configuración y relación de pruebas y puesta en marcha, junto con el servicio de garantía de los trabajos realizados por un período de 12 meses desde la fecha de recepción de los mismos.;https://www.mercadopublico.cl/Procurement/Modules/Attachment/ViewAttachment.aspx?enc=SIy%2bP7OedjVGv4puisypgYnYf572O3Cs1IHNRjjVziAe6hwWWJ%2fo1NK51HEN2xX%2bLgtOctEnQWGGHNiyD%2bbDJ9QOJtStXdyRM8yW7j7p42LeSNvs7AnH7dOLpQlYiFr5Oukg3IGx4Tc024WUejhYRYmbsILhT7m69GHZ32ek9glX0QnAxKQlLf0rstKwNNztQxZ%2bcd84VZxrymcxcALknZTYc50CSejkh%2bsu3TtcXoXgseReloLJU89Rx7iykIEd7%2fQPqYzPmxKyJURStcp3v0U6%2fUA3zg%2bXLjswqO6jUHj84uSMiJoi3ViNdwgx%2bMBY
612-37-LE26;Adquisición registradores de datos con sensores;Publicada;SERVICIO AGRICOLA Y GANADERO;Servicio Agricola y Ganadero (SAG central);Región Metropolitana de Santiago;Santiago;25-09-2026 16:42;05-10-2026 20:00;7;69000000.0;CLP;LE;Tecnologías de la información, telecomunicaciones y radiodifusión / Componentes para tecnología de la información, difusión o telecomunicaciones / Módulos, interfaces, procesadores y placas de sistema;42 Unidad · Dispositivo de sincronización de paquetes de datos de red;;;12 meses;No;;Victoria Hernández;Uno de los requerimientos fundamentales para este departamento es contar con tecnología de punta como el uso de sensores de temperatura de aire, humedad, suelo y viento con transmisión de datos que permitan obtener información precisa en áreas específicas donde se requiera calcular el tiempo térmico acumulado grados-día, y zonas de dispersión como estrategia de erradicación de focos de mosca de la fruta.;https://www.mercadopublico.cl/Procurement/Modules/Attachment/ViewAttachment.aspx?enc=6MFGMQhnONlH4J%2fx91yxw3P%2fJzLew3UjtC%2fbKFBDo8o1MvS9eua6Ku6UJqkeOXarNLtLLyhqw1%2bOk1iv1mmizKJh8yXXDlg4jZXfuGp02RRt8POV1SBXR%2fqGEH6vPHbU%2b0oK1HR50ipItKBK6Rfa2GTaoYxZK4JS0c9mwTbBB%2b6gHwi4XalKyOfw8lUm2gy7BJcZ%2fMDqjLgPOmNCPGjw51Tkior93%2bsVI3kbowdluBdUkjIr87XdFq4TtS%2byoM2ajDRCOPJZ3dmt9OkiL4tJGUoE9JnNGy1O2si8VMoYD%2fQHIaSsNC4FNX%2bzYliUeqc3
5586-148-LE26;JG ADQUISICIÓN E IMPLEMENTACIÓN DE SOFTWARE DE GESTIÓN CLÍNICA ADMINISTRATIVA FINANCIERA Y CONTACT CENTER CON INTELIGENCIA ARTIFICIAL;Publicada;UNIVERSIDAD DE LA FRONTERA;Universidad de la Frontera;Región de la Araucanía ;Temuco;23-09-2026 17:24;06-10-2026 09:00;8;9500000.0;CLP;LE;Tecnologías de la información, telecomunicaciones y radiodifusión / Software / Software de aplicaciones de red;1 Global · Software de servidor de aplicaciones;;;12 meses;No;;RAUL VEGA GALLEGOS;ADQUISICIÓN E IMPLEMENTACIÓN DE SOFTWARE DE GESTIÓN CLÍNICA, ADMINISTRATIVA, FINANCIERA Y CONTACT CENTER CON INTELIGENCIA ARTIFICIAL.;https://www.mercadopublico.cl/Procurement/Modules/Attachment/ViewAttachment.aspx?enc=5UQVF53TtMWp0Kgt0PS8t8IiZQbHMLEDSMttGZ7IUrVDLy3TR%2buCufDh7Xl85GlpeCRhOpkXrR%2fCVa3UwhcvXjxYaTlJ%2f3%2bawRZVr7huS%2bd%2b%2bVcDHVfpr6sfKQvNfdflurDLvyIVa%2fPQNJ05wtWSXU9GeGdgpSSM9uIoiNfdeuG3nsFt0tLgMGZlaa0JlTsv0gBZZmAieVh7qhzxvnkYiUMHgtqLK7IyqVvgbRBS6Us3%2btgIw9gIHu0uDCOeu4CIV%2faUm5Q5DkUqXQ32cWHwJU%2fpHAGw3K3t1GXhRRNylAvCo2AuJbmY4vZwoHQs%2bKy6
1810-5-L126;SERVICIO DE PLAN DE DATOS PARA ENCUESTA ENE;Publicada;INSTITUTO NACIONAL DE ESTADISTICAS;INE -  X Región;Región de los Lagos ;Puerto Montt;25-09-2026 15:05;06-10-2026 15:00;8;1276800.0;CLP;L1;Tecnologías de la información, telecomunicaciones y radiodifusión / Software / Software de intercambio de información;19 Unidad · Software de servicios de Internet por móvil;;;;No;;;El Instituto Nacional de Estadísticas es un servicio público funcionalmente descentralizado, encargado de generar las estadísticas oficiales del país y de articular el Sistema Estadístico Nacional. En este contexto, se hace necesario contratar un servicio de planes de telefonía y datos móviles por un periodo de 12 meses, que permita asegurar la continuidad operativa del trabajo en terreno.;https://www.mercadopublico.cl/Procurement/Modules/Attachment/ViewAttachment.aspx?enc=3TQc4OqUCbDAIjkiegEp2uUxnWQvVvfYvBdKuW66nLAGjaWW0Clz0RrU8UQYWfhg2xrfXod8fPZxvTJKChnNKpGs5Sgcz%2bd7SMXxXBDFEuL53MbnhP64FTT5CcAR3tJWWZhntUKvKwO2l6LMNcdfFJlX%2fqyCteFiMJyUhppUn%2bA9Z3Pq7CixkUxJELRdgEoL%2bYuoY3o7aOhs1i9m1OMpRoLT4b2FdoTjqkvqt5RN%2bJPLT7rxp1ELyjfEK%2f0ISVYIvXekyaPRakJ%2fz4oJpIVtW0%2fVw1b21bN4hSswWT3%2bvHmkZHRW84%2f7IPkMN0%2bCpa%2fb
2080-309-LE26;COMPRA ROLLOS PAPEL IMPRESORA TOTEM;Publicada;SERVICIO DE SALUD DEL LIBERTADOR B O'HIGGINS HOSPITAL REG RANCAGUA;Hospital Regional Rancagua - HRR;Región del Libertador General Bernardo O´Higgins;Rancagua;22-09-2026 15:47;06-10-2026 15:00;8;;CLP;LE;Productos de papel / Productos de papel / Papel de imprenta y escritura;21432 Unidad · Rollos para télex;;;24 meses;No;;CAROLINA PEÑA PADILLA;El objeto de esta Licitación es contar con una adecuada provisión de “COMPRA ROLLOS PAPEL IMPRESORA TOTEM” para el Hospital Dr. Franco Ravera Zunino, durante la vigencia del proceso.;https://www.mercadopublico.cl/Procurement/Modules/Attachment/ViewAttachment.aspx?enc=BfA7vf79FNOq41EDwT4YcO%2buhcfDjMwDll9DaBgQDQ3V8UVZKWPl49RLbUN6Hjcs5r8IDhQi5YAdnSQ7JOryMDbp5Tk1u%2f1VazxkSHr0OzCOhJdCapl85oKboxogs9rOEJkDvXa%2fsweIumvxlu8IBYJg8X1xqpN9mjb2pdYuPDL%2bUS6lOWuqudFTR%2bkK4BaLyX7MrJu6YBssHo6%2fehdG8MBuN6UPdUaZqtvLkh2u3I6sv%2bhvOUfD8MvnLu1tft1rJeWUAu3ykuueye%2bzCRV7Zp1IolQupThOu9QZLCRXZioymmKoy282urGVNzsGxdnc
2981-270-LE26;ADQUISICIÓN DE 100 GPS TRACKER CON PLATAFORMA INTEGRADA GEOESPACIAL Y DE TRAZABILIDAD Y SU RESPECTIVO EQUIPAMIENTO EJECUCIÓN DEL PLAN CALLE SIN VIOLENCIA;Publicada;POLICIA DE INVESTIGACIONES DE CHILE;DEPARTAMENTO ADMINISTRATIVO;Región Metropolitana de Santiago;Santiago Centro;24-09-2026 10:03;06-10-2026 15:00;8;26036596.0;CLP;LE;Muebles, accesorios, electrodomésticos y productos electrónicos / Equipos y accesorios audiovisuales / Equipos audiovisuales y de electrónica menor;100 Unidad · Receptores GPS;;;;No;SEGÚN ART. 51 DE RESOLEX N°794 DE 23.SEP.026, DEPADM;DAYANA MORI GONZALEZ;ADQUISICIÓN DE 100 GPS TRACKER CON PLATAFORMA INTEGRADA GEOESPACIAL Y DE TRAZABILIDAD Y SU RESPECTIVO EQUIPAMIENTO EJECUCIÓN DEL PLAN CALLE SIN VIOLENCIA;https://www.mercadopublico.cl/Procurement/Modules/Attachment/ViewAttachment.aspx?enc=ZLbzmMdiI8mol5EOxwTeoyei4jzuVFFhrWMjJjRzYvC4wqnuXUotkbHCTl5gvXsDF3d6Tu%2fVWSuGYEL71fJs1cDRQslWx3Lbz%2fHyTMrT2e9FsQPTA10KOyIURVyglsubjDMGHP7DyHlUxUzTMOmh%2f6PqHZyf5Z7BmuUE1SoJdDIEboEGrX1rQEb9RcLy1imV9S4udEya7PKvaDiRTBKxF1qV1ehleQS55ubWW7ecZsfliJU02NSN482%2bjQmfcOQpVqDknByGljmZ78cczfWihaGXubVb3oJd9pJpc16m%2fuJPxe%2fg1ea5efbZNm6Aor58
875-10-LE26;SERV. DE INFORMACIÓN DE REMUNERACIONES PLATAFORMA;Publicada;AGENCIA DE PROMOCION DE LA INVERSION EXTRANJERA;Agencia de Promoción de la Inversión Extranjera;Región Metropolitana de Santiago;Santiago;22-09-2026 15:58;06-10-2026 15:00;8;300.0;CLF;LE;Productos impresos y publicaciones / Medios impresos / Publicaciones impresas;1 Unidad · Publicaciones periódicas;;;12 meses;No;;Ana Karina Duarte;Servicio de información de remuneraciones y prácticas de compensación mediante plataforma tecnológica para InvestChile, por un período de 12 meses.;https://www.mercadopublico.cl/Procurement/Modules/Attachment/ViewAttachment.aspx?enc=DBeczNh1YA7qoitL5ZOOY5dIZ44aLfxig6Zf4Se6Yb%2fNQGlE57KZqn%2fJk9uha5ewVd%2fB23vptj0rqgXxshitZt6R4a%2bsA0R9%2fZJjZZLicrEuPue%2bBfDLCnzigWoav33OA1TX4js6Rl0a3L89jYve5Dia07K%2f%2bQw8MEO%2fCxFQCWdHz69wSvbmvSf3WN9YKh8egiSC7JWas8RwIOSAEcVaANCqcOB5iLJf03utYy%2b68SBplE4HGdikdZ73aXAJhe4U07fy%2b1SAfO9lLLANxMIjsdBWJGF0Rv98cE9BlMJ%2baFFgTZjiY91%2bJFfRVL7wd%2f4u
2448-137-L126;CUPOS PARA CURSO - TALLER DE DATOS USANDO IA;Publicada;I MUNICIPALIDAD DE COQUIMBO;Departamento de Salud;Región de Coquimbo ;Coquimbo;28-09-2026 12:39;06-10-2026 15:00;8;5000000.0;CLP;L1;Educación, formación, entrenamiento y capacitación / Sistemas educativos complementarios / Educación de adultos;40 Unidad · Capacitación a empleados;;;;No;;;CUPOS PARA CURSO - TALLER DE DATOS USANDO IA;https://www.mercadopublico.cl/Procurement/Modules/Attachment/ViewAttachment.aspx?enc=DsdZTT8uEfHf%2bnTq0q8r7kIQdG%2fOieSJcQjI4MG0R307TZvmTXO%2bFeqBZ1rPHGptRohQ%2bgEiLWlDpBd%2foJ3t70UhAIQCk04ktLhYY6pFISKN2xp5Zj%2fh66DH5r7L9rjOpawpPPw4CO3JrOiqPQyU54JJ%2bPxD%2fcgdnjfk3kShColcLHgemlqpbHlnxOXF6yMJLwVzj3cZ9r4soBHPioJoaQ7mQp%2fvSDsnNZUoMpoK1yD3v0Tnolt2oqZ6uJWTFchYp2dHn6KM7Dr9W10seC1zu2Wp90KO5BWi5hJpEhAfW1MFnhzQe9JgzUH7kYhXrY4a
548874-77-LR26;MANTENCIÓN Y MEJORA SISTEMA CIBERSEGURIDAD NCH ISO;Publicada;INSTITUTO DE PREVISION SOCIAL;IPS Oficina Central de Compras;Región Metropolitana de Santiago;Santiago;31-08-2026 15:50;06-10-2026 15:00;8;11000.0;CLF;LR;Tecnologías de la información, telecomunicaciones y radiodifusión / Software / Software de seguridad y protección;1 Global · Software de administración de red privada virtual (VPN) o de seguridad de red;;;24 meses;No;Ver bases punto 16;por definir;E1O2RT8 - SERVICIO DE MANTENCIÓN Y MEJORA DEL SISTEMA DE GESTIÓN DE SEGURIDAD DE LA INFORMACIÓN Y CIBERSEGURIDAD INSTITUCIONAL NCH ISOIEC 27001;https://www.mercadopublico.cl/Procurement/Modules/Attachment/ViewAttachment.aspx?enc=ZbCrvwiGYlsd%2fd8zk3DoC7%2bQk47m6Tqk2dituoqsEwyhxJ8G4BWVXLxAOywO3FBxZVbe%2fx%2bpOz%2fju5JhKl%2fhgJn9PA1uPfZ0flesQX29metWKP4KjLkty6Wk0ojXvKiEHO8tPloDxb5bB94k9MMIb5gbf%2fwkU83Ld1SCgXpBQjBnsXty%2b1t0u28GrkvjlJlGanLD4pT0oONMtVYttDwBctuHXtomOQhWgjSSX%2fUDpwx44VODi3HbuKH2iNOjZHFefkYBJoetou9iwXpKr1lZ15bAE9AQtfswDVyxmTDVy4XYCvC3BaKMX%2f5dH7eNka%2bn
425-67-LE26;Software de seguridad extendida y Ciberdefensa;Publicada;CORP ADMINISTRATIVA DEL PODER JUDICIAL;Servicios;Región Metropolitana de Santiago;Santiago Centro;24-09-2026 16:55;06-10-2026 16:00;8;;USD;LE;Tecnologías de la información, telecomunicaciones y radiodifusión / Software / Software de seguridad y protección;1 Unidad · Software de equipos de red privada virtual (VPN) o de seguridad de red;;;12 meses;No;;Jorge Quezada;UE(1804) Software de seguridad extendida y protección de cadena de suministros para la Ciberdefensa de Poder Judicial, para ser utilizadas por el Departamento de Informática y Computación del Poder Judicial como herramienta de protección de riesgos cibernéticos “de la marca Poder Judicial”;https://www.mercadopublico.cl/Procurement/Modules/Attachment/ViewAttachment.aspx?enc=1lUjTo96iko7A4LrznvLFGAiKsSVJ6ZdwniyeDXj%2fMCLPXF9vVQ1fP7cVoXOHUakKTEwANENvJ4wRvQQKTrXZgI1PW4eXZt7eQjcoLQUs%2fjJT5h5q8g5UXBRX4bT%2f5YIH86GO0zA4O9RyTz9SUyP3%2fKGz3vh1UFGwAGrVc2ZE5tinudFFontXsC53dNMWndAxLKPfs%2f8FHRuIVvC9koHzq%2bS9bYARtt7ZPDjq9a6kn3mrR4K8kexGu65etXhusjBgRvMEaeq3BdAEPAnhcIOH9MXRfl7Q5d%2bVSH1%2bjh9cXlC1AEWGDTDEMImQTQsN%2b9Z
1051173-13-LP26;SERVICIO DE INFRAESTRUCTURA EN LA NUBE;Publicada;MINISTERIO SECRETARIA GENERAL DE LA PRESIDENCIA DE LA REPUBLICA;Ministerio Secretaria General de la Presidencia;Región Metropolitana de Santiago;Santiago;15-09-2026 12:57;06-10-2026 17:30;8;;CLP;LP;Servicios basados en ingeniería, ciencias sociales y tecnología de la información / Servicios informáticos / Servicios de datos;1 Unidad no definida · Centro de servicios de datos;;;14 meses;No;Atendida la naturaleza de la contratación, no se admitirá la subcontratación.;Jorge Romero Vargas;"El Ministerio Secretaría General de la Presidencia, en adelante “el Ministerio”, requiere contratar el servicio de infraestructura en la nube, de conformidad con lo señalado en las presentes bases administrativas y a las especificaciones indicadas en las bases técnicas respectivas. 
El Ministerio informa que actualmente el servicio es proporcionado por Microsoft a través de la plataforma Windows Azure, por lo que es necesario licitar esta tecnología o su equivalente, de acuerdo con los requerimientos que demanda el Ministerio para garantizar la continuidad operacional de este.
Por otro lado, el servicio que se requiere contratar deberá ser operado en modalidad de consumo, el que podrá variar dependiendo de los servicios que sean habilitados en la plataforma de Windows Azure o su equivalente tecnológico.";https://www.mercadopublico.cl/Procurement/Modules/Attachment/ViewAttachment.aspx?enc=O8AbiFoySXKjmLJUP64i5PZ%2fYTZQhKH9hS4qtSiIJt5T%2fZM%2foIBViJp%2f53HqKzrNrA38frown1QoVjIHHiO6OCpaarI2qvvRqHegIXANz6xaSzdOsdBZPSOUA5JDqygIizf2Uu0jXz6ltSC7LE0RdWfdyeqY%2b9kEhtxstk5xlZt6t%2bYKCe%2bXXQWUgMTsy2ucroSrKPjDXGUhYnXi8xF1yvqowLs2uuR0anuWue5tI0zgfE%2bgnKONTqn%2fqRE3nksuM4gAmWd1mvTRCu%2bC0s6KF5BpuqivDF0glH%2b%2bCK8Opx7S3sh%2fSi7xWqZR%2fEKQJGAp
4024-29-LE26;Modernización del Gimnasio Municipal Héctor Aqueveque Aránguiz”;Publicada;ILUSTRE MUNICIPALIDAD DE SAN CARLOS;CONTRATACION DE OBRAS, PROYECTOS Y CONCESIONES ;Región del Ñuble;San Carlos;14-09-2026 17:12;06-10-2026 19:57;8;35706840.0;CLP;LE;Artículos para estructuras, obras y construcciones / Pavimento para carreteras y caminos / Asfaltos;1 Unidad · Asfalto;;;70 días;No;;FRANCISCO CONTRERAS SALINAS;"El presente proyecto contempla la modernización integral de un recinto deportivo mediante la incorporación de
equipamiento e infraestructura de alto estándar, con el propósito de habilitar un espacio multifuncional, moderno y
eficiente, apto para la práctica de diversas disciplinas deportivas, actividades recreativas y la realización de eventos
comunitarios e institucionales.";https://www.mercadopublico.cl/Procurement/Modules/Attachment/ViewAttachment.aspx?enc=xpiIijxjdqKzYRRpqgN0b865k%2bDnszo1mmPh0%2bdjY2G2v%2bUFCMBm6PJjs2MGXvTEN4IflvsLXczgKz43pPT4MWT59ZMn6AFfVW6NVTB9dUxY65wzfqB3XsEwsHG7sYzxSLanbToOr3axzEomcQlQl3q0%2fi1W4TRArr8poMYrL9MAKCveSK2fTC0gYoKj6nhnL45SYfhpsasTeY5arltlBhwyoNpTgM0iuvNiIGM0MefMBUVYRXJj6L3k7MpYUFPQ5RR7g9gbZ2lh1MsMXfxrdWKskWk0FYqVU8rGtP4juOlsZdq3ydaOOoLfNf7qce8S
1562-63-LP26;ELABORACIÓN DE LA PLATAFORMA PÚBLICA MINERA;Publicada;SERVICIO NACIONAL DE GEOLOGIA Y MINERIA;Servicio Nacional de Geología y Minería;Región Metropolitana de Santiago;Providencia;16-09-2026 16:59;07-10-2026 12:00;9;165000000.0;CLP;LP;Tecnologías de la información, telecomunicaciones y radiodifusión / Software / Programas de desarrollo;1 Global · Software de desarrollo de plataforma Web;;;2 meses;No;;PHILIPE CARLIER PIZZULIC;"S.A. 722 EXP 266362026

El Servicio Nacional de Geología y Minería SERNAGEOMIN, a través de la Dirección Nacional de Geología y Minería y de su Departamento de Planificación, Tecnologías e Innovación, requiere contratar un servicio especializado para la elaboración de la Plataforma Pública Minera PPM, en el marco del proceso de modernización de los sistemas de información asociados a la gestión y fiscalización de la actividad minera.";https://www.mercadopublico.cl/Procurement/Modules/Attachment/ViewAttachment.aspx?enc=Z8WLc3rUqTENShuANDU3eZxsu78H%2fqdvo8l7rURm9mOnxX1RSZOGM%2fDx6PQnOTXSlc%2fjG0NFyuY2wO1cV1DWSwofp1ew9OjiVZPpqOtquFXY6Rw0VY8Bx4G7OMtnM6ioqQrqR3cxz7yLa5BJIKfhLLpbaSxr5vAtl32aHFG6PTsoKY5tRu5zGACSaidFrsAUw%2bozrt1nITNHI%2fNIg7iFs0Zw4OZLaX9ap7wdSzjvlD3I9YwlGRChkHcKHz4%2bEwyBUkk%2byT%2fKdFBkDwz3aJ2YXqPDk4iR01upF22xagBxZUVYMFyI3GPkRyl6FVDHao2x
4112-27-LE26;“ADQUISICIÓN DE LICENCIAS DE SOFTWARE”;Publicada;I MUNICIPALIDAD DE CURACAUTIN;DIRECCION DE FINANZAS;Región de la Araucanía ;;17-09-2026 11:21;07-10-2026 15:30;9;;CLP;LE;Servicios editoriales, de diseño, publicidad, gráficos y artistas / Diseño gráfico / Diseño, Tecnologías de la información, telecomunicaciones y radiodifusión / Software / Software de gestión, Tecnologías de la información, telecomunicaciones y radiodifusión / Software / Software de intercambio de información;1 Unidad · Diseño por computador · 1 Unidad · Software de gestión de licencias · 1 Unidad · Software de video conferencia;;;;No;;FELIPE OBREQUE;"La Ilustre Municipalidad de Curacautín invita a los proveedores inscritos y hábiles en el Registro de Proveedores a participar en la adquisición y renovación de licencias de software para las unidades municipales. La licitación se divide en tres líneas independientes; se podrá ofertar por una o más líneas, incluyendo todos los productos y cantidades de cada línea ofertada. Cada línea se adjudicará íntegramente a un solo proveedor y podrá haber distintos adjudicatarios.";https://www.mercadopublico.cl/Procurement/Modules/Attachment/ViewAttachment.aspx?enc=Tfbsa26YwsiK%2fbqD4WhlJM6OuwwsOUUeOMhxA8e7AVKIf8D2DnSMk%2b2SWN1hi9olm74%2b%2b0LiBLLL50GL4S8ZBnFmjtT1xj60VLien8ZXxoFPLwLmEGkDhON%2bAe0UoRtLd7rOcNl%2fa5Wxci86xFEFJ%2bbpSkOOcQUr4l%2fit4%2fTtDC0GsqksWIkcQ472xXQqdZzX6MFne947cT8eQd1%2bmVjgfAD04XNvMsvP8sEMNPRb5veAtX2hTtjvCESj4uHrMxyGeYY4ru9nmm8BvTl%2f0Kzfvh0sVcI1YKzfcsu4LrnMT6Z5AtDE4Jq0Uk45kZ0OJvX
1002-84-LP26;ADQUISICION DE TABLERO DE MADERA PRESERVADA CON HERRAJE;Publicada;MINISTERIO DE OBRAS PUBLICAS DIREC CION GRAL DE OO PP DCYF;Dirección de Vialidad - X Región - Dirección Regional;Región de los Lagos ;Puerto Montt;22-09-2026 14:40;08-10-2026 14:00;10;;CLP;LP;Artículos para estructuras, obras y construcciones / Materiales estructurales básicos / Productos estructurales;1 Unidad · Vigas de madera;;;;No;La Empresa adjudicada no puede traspasar a Terceros la responsabilidad del suministro de los productos ofertados.;FERNANDA NUÑEZ JORQUERA;Destinado a la reposición del tablero del puente Maicolpue, ubicado en el Sector Maicolpue, comuna de San Juan de la Costa, provincia de Osorno;https://www.mercadopublico.cl/Procurement/Modules/Attachment/ViewAttachment.aspx?enc=fyGeSVgSeLbRZqm0Xka8gMHykfUIX4p2caBXB0WudL7E7FnlGFDdBcCzQsRkR2wdZfF5S%2bjWqxIAjGottMk5gZN6Afrd1FduVxS7HdJV9QBEsJFQk388zso20r85ZVgoPmNFVwq9XncAnEUx4OvJunGhf5fiimytImIOIqaqQFEAyCzgaMtC6F5W4XOKTXUZN05BS3UiW8CeK16pqipwIBNO%2fX2nBCcNVAJjE3zGNkmAHv22TiMyCNGf8W2uhO0rn9SJQ9aohKU8BRhpUdk8qdZHEx2hYc5YWsgtlFRA8jTCmRu7PGyW2Bc86%2bIXXE82
5394-22-LE26;SERVICIO DE CONSULTORÍA DE CIBERSEGURIDAD UMAG;Publicada;UNIVERSIDAD DE MAGALLANES;PROYECTOS CON TERCEROS (D/583);Región de Magallanes y de la Antártica;Punta Arenas;09-09-2026 16:08;08-10-2026 15:00;10;20000000.0;CLP;LE;Servicios profesionales, administrativos y consultorías de gestión empresarial / Consultorías o asesorías en gestión empresarial / Servicios de consultoría en gestión de empresas;1 Global · Asesorías Informáticas;;;12 semanas;No;"9. SUBCONTRATACION
Por la naturaleza de los servicios, no se permite la subcontratación en la presente licitación.";UNIDAD ABASTECIMIENTO;La presente contratación de Servicios de Consultoría para la realización de un Diagnóstico del estado de Ciberseguridad Institucional, la cual se enmarca en la ejecución del Convenio de Desempeño Fortalecimiento de la Gestión Administrativa Institucional: Desarrollo de Capacidades Institucionales para una Gestión Orientada a la Calidad, Código MAG24992.;https://www.mercadopublico.cl/Procurement/Modules/Attachment/ViewAttachment.aspx?enc=8Z5m8t6NxdycXPnMqOGXMA0naaQp%2bXZ1ntlo4PxHQog8NDhqDcQjVwiaC5ZDSlwQKVwcHJdclT24q2yaeuEheIlCOTvIPtxLmWIioePOOObIBp5A6U1QJ2vvdG0H0TJfAnmXZ3h7GDsDZR%2f85rTxpJJT50qGXh58bI2jbPZO%2f36S0U2LmC9tPAHcEvoVnQw1HK1CPNOujh8N0ZyiElNcV6%2bVliUHVgasA1mzYdivCfptrHMIrk66W0kXn1hxD3q7Hfpb8KtQyVZXJoZfIibsPUBDefROrSa451V0URuipl%2b9AjUk%2bbuWrFMyUYEgTbDy
1605-36-LR26;LR-4252 Servicio de Red Datos WAN;Publicada;SERVICIO DE IMPUESTOS INTERNOS DIRECCION;SII Dirección Nacional;Región Metropolitana de Santiago;Santiago;22-06-2026 15:52;08-10-2026 16:00;10;232851.0;CLF;LR;Servicios basados en ingeniería, ciencias sociales y tecnología de la información / Servicios informáticos / Servicios para internet;72 Mes · Proveedores de servicio de Internet (ISP) · 72 Mes · Proveedores de servicio de Internet (ISP);;;72 meses;No;;Luis Venegas;El objetivo de la presente licitación es disponer de la prestación de servicios de red de transmisión de datos y voz con cobertura en todo el territorio nacional, y de servicios de red adicionales con facilidades de interconexión con otras redes yo sistemas análogos y digitales, en el Servicio de Impuestos Internos.;https://www.mercadopublico.cl/Procurement/Modules/Attachment/ViewAttachment.aspx?enc=Ro3FcIEnSwUngTMloX81XQ0Fh2lLX2%2fdNPHjv4%2bP51FhQDZl3fJFAy7g1Y6bdgHaf51lSfDZb8GOvLU8vA6wzGBD%2f%2fAWJC6WzvFJWKg1xe9LZxKLTPtund82mMh7j5wUet4SDd5miVaNtLhk0VzrME65CuPptdT0mA05K%2fzlwsM%2fhz%2brNrUfiVf9HRV86x4s6%2f51onGQyPn4bxfI8p9GTRDEgXakLFdxAfnnFhuiNI2IqzMTFslYz9JzORaTO4RkWDRu3WuMBV4cRizSQOtHOA0hEIS5wInnXTD7BYVJ%2b%2bq8szRVWuccgltBX2mo8OMr
1051173-14-LE26;SERVICIO DE ENLACE DE DATOS DE RESPALDO;Publicada;MINISTERIO SECRETARIA GENERAL DE LA PRESIDENCIA DE LA REPUBLICA;Ministerio Secretaria General de la Presidencia;Región Metropolitana de Santiago;Santiago;22-09-2026 15:16;08-10-2026 17:30;10;;CLF;LE;Tecnologías de la información, telecomunicaciones y radiodifusión / Equipos, plataformas y accesorios de redes multimedia, voz y datos / Equipos de servicio de red;1 Unidad no definida · Unidades de servicio de datos o canales de red;;;27 meses;No;"El proveedor adjudicado no podrá subcontratar totalmente los servicios licitados.
No obstante, previa autorización del Ministerio, el proveedor adjudicado podrá concertar con terceros la subcontratación parcial del contrato.";Jorge Romero Vargas;El Ministerio Secretaría General de la Presidencia requiere contratar un servicio de enlace de datos de respaldo, destinado a asegurar la continuidad operativa de la conectividad entre sus dependencias, de conformidad con lo señalado en las presentes Bases Administrativas y a las especificaciones indicadas en las Bases Técnicas.;https://www.mercadopublico.cl/Procurement/Modules/Attachment/ViewAttachment.aspx?enc=clrI18MIX1kGLmEFI%2f61UgZdDg8B%2fhuXaRnSUXC74MSgNBXAtaXZHstQAmtj8lFZ%2fUiK0zSWmMPQaWkDbsWU9rYnPhHKMseTFAwu91h5ZkRIsOPG3gm6vzIqP9jGdDQQT1snw%2f9Qbq2f38eHNdIOeYqYMuPAMbeMVetsNfhWYwZI48s63yLBSBAyn3IdphRYEESgA%2f9sjpXEtIcsWW9b15%2ba9iJL79n9Xp7eL7Q9KbP5%2bcKuuYj8eQ9A1HDV1P%2fymquHYUMIXXWiuZP2cU%2bE8dWWZK3VJVUoSxaUyjdwjNSsLBtSDaEfgbJwwHyoq%2fI9
2013-13-LE26;SERVICIO DE GESTIÓN DE PUBLICIDAD DIGITAL Y GENERA;Publicada;UNIVERSIDAD ARTURO PRAT;UNIVERSIDAD ARTURO PRAT SEDE IQUIQUE;Región de Tarapacá  ;Iquique;28-09-2026 12:56;08-10-2026 19:00;10;15000000.0;CLP;LE;Servicios editoriales, de diseño, publicidad, gráficos y artistas / Publicidad / Publicidad en medios no impresos;1 Unidad · Publicidad en Internet;;;;No;No se permitirá la subcontratación de los servicios objeto de la presente licitación. El proveedor adjudicado deberá ejecutar directamente las prestaciones contratadas y será responsable de su íntegro y oportuno cumplimiento.;Loreto Valenzuela Zepeda;Contratar un servicio especializado de gestión de publicidad digital y generación de leads para apoyar el proceso de Admisión UNAP 2027, mediante la planificación, ejecución, seguimiento y optimización de campañas digitales, incluyendo la gestión e integración de los leads generados con el CRM institucional.;https://www.mercadopublico.cl/Procurement/Modules/Attachment/ViewAttachment.aspx?enc=IbdVoh99HK9z44JWNCLn7I3Q3uJnFg%2beKwaBFKj2%2f0e6%2fKHneUgygOdx1JWtSR79%2b95%2bnwp%2fdeMa1AgKoWAstYx4v%2bqqwl0N5wKn7tDiba7pmJwQJAwgs6lwxuKatQKUiU7OBhwlKniHMk%2bzG5LHvLSZwRnHRjZDqibq9kC8xQtldAIHf40rigecvqxEuS0c%2f1yEn%2fqk6AYpoeUx6qPFrpQqw58ywsZXBzPi1kB8dohOAwKQpr0v5WqEJUYG3q7ll4U5YLE0Kf1hPJNtBC3mbuLAvMSxyr4uOIAkX7VzE6rYqbP3xLWVjZjoEjE2dH7s
1020-38-LP26;Adquisición de Plataforma Next Generation Firewall;Publicada;MINISTERIO DE OBRAS PUBLICAS DIREC CION GRAL DE OO PP DCYF;MOP Subsecretaría ;Región Metropolitana de Santiago;;18-08-2026 10:37;09-10-2026 15:00;11;240000000.0;CLP;LP;Tecnologías de la información, telecomunicaciones y radiodifusión / Equipos, plataformas y accesorios de redes multimedia, voz y datos / Equipos de seguridad de red, Tecnologías de la información, telecomunicaciones y radiodifusión / Software / Software de administración de redes;2 Unidad · Equipo de seguridad de red de firewall · 1 Unidad · Software de vigilancia de redes;;;16 meses;No;Conforme al punto 10.5 de las Bases Administrativas, el oferente adjudicado no podrá subcontratar los servicios derivados de la ejecución del Contrato;Francisco Borques;Se requiere adquirir una solución consistente en dos 2 Firewall de Seguridad en alta disponibilidad, con la capacidad de crear instancias virtuales de NGFW, que deben proveer funcionalidades de IPS, filtrado de URL, control de identidad, control de QoS, protección de malware y seguridad DNS. Lo anterior administrado a través de una sola consola, además de incluir soporte 7X24 por 1 año de misión critica. Esta solución debe incluir el proceso de migración de firewall de datacenter.;https://www.mercadopublico.cl/Procurement/Modules/Attachment/ViewAttachment.aspx?enc=RDipLN67hXU%2fxB3FrRoNkObNzgG1pZ32%2b1SvQ6j5UIh6fdQand5cWoogHgDlgdtdeqV20WX%2bfWkGR0PSPKTmSrce2JUwNRpIQlLlG59YXA2LDoIUMGiJPd8K%2bt1SiTZdeTSXoggLX2dLbl0jeQcip7T9G5%2bQ8ZJUymP%2bvNwMMW1gwUyXFYpcU72XWb0O9Kn61Fuztv4Z1ecyl5OvhcagQuuBzN6kCAOE3niSTLk3R9RoY%2bGwXD6dNJC%2bobbnJYgKu6UCIJyKF3JX9WR%2fJxdU6jh7LhXC5MVt7NeqH7yzZbi1drzv3lsOF%2bXihagDzF5H
2239-2-LR26;Convenio Marco Desarrollo de software;Publicada;DIRECCION DE COMPRAS Y CONTRATACION PUBLICA;División de Convenio Marco;Región Metropolitana de Santiago;Santiago;14-07-2026 17:42;09-10-2026 15:00;11;;CLF;LR;Servicios profesionales, administrativos y consultorías de gestión empresarial / Servicios de recursos humanos / Contratación de personal;1 Unidad · Desarrolladores de software;;;;No;De conformidad con el artículo 126 del Reglamento de la Ley N° 19.886, el proveedor no podrá ceder ni transferir en forma alguna, total ni parcialmente, los derechos y obligaciones que nacen del desarrollo de esta licitación y de los respectivos contrato;Convenio Marco;Convenio Marco para la adquisición de los Servicios de Desarrollo y Mantención de Software, Servicios Profesionales TI y Cloud Computing;https://www.mercadopublico.cl/Procurement/Modules/Attachment/ViewAttachment.aspx?enc=eMVp%2b2KhPshdasR5kF7ldLFQAKwvGACk%2biRZ0OIBRsQasuwLZP7datmh5d%2b8vGTl6JXPzAjMXHY4kIQ13TvzdO5BO1EPHyrBSy6ZQUWBb775cosFVXm5gSDatpHL%2bfV5Gkz66kNJ7atuoT9c5Mev8MGd7cPe26nI6zy0%2bR3KfKwvFCpBwXYzKvvHBjEViS%2fnX8KPNxUYLCeYdN1VyQQEKAaQ5ZtPsyKTI%2fkDdSOXm2YQYtIXrunPoJgGuyz72TdYRfDYdia4J7qVvWeM9SqiyFME6P8KAcdbsgRX%2fiC1orCRRirIJ0nv79Kk8ke%2bg8E6
3928-62-LE26;ADQUISICION DE SOFTWARE Y EQUIPAMIENTO TECNOLOGICO PARA ESCUELA DE CAHUIL;Publicada;ILUSTRE MUNICIPALIDAD DE PICHILEMU;Educación Municipal;Región del Libertador General Bernardo O´Higgins;Pichilemu;25-09-2026 15:19;09-10-2026 16:00;11;9100000.0;CLP;LE;Maquinaria para fabricación y transformación industrial / Maquinaria y suministros de procesos industriales / Maquinaria para la industria farmacéutica, Tecnologías de la información, telecomunicaciones y radiodifusión / Software / Software de ocio o juegos de computador;1 Global · Contadores de tabletas · 1 Global · Software doméstico;;;;No;;MERYS TAPIA LATORRES;"ADQUISICION DE SOFTWARE Y EQUIPAMIENTO TECNOLOGICO PARA ESCUELA DE CAHUIL
DECRETO N° 2628 DEL 15.09.2026
FONDOS LEY SEP ESCUELA DECAHUIL";https://www.mercadopublico.cl/Procurement/Modules/Attachment/ViewAttachment.aspx?enc=llnK%2fgb8CFJuA088I65oNc6NDePAwenwetQuM2%2fVWIfaDwp0ViULgbZiZeN%2fDaASG7Kwrn0qnul5nD1blu7Bu0MR%2bzzgH5%2baymcg7tIf3KiX50RQUjO2jULVe%2bzUZEtJp%2fs%2f7RBfLE3vpJI2RjZUBKWK0FeWaS2T0mDTdDSocfa%2fmRcsgqtbPgNnm3LwTynuZVxH9Zcv27npEpjUDZ5MQM7ArN0ExXtu0SY%2flcxKnOkL18tbgu1SQ7lkb3c415aYNrsRCT5d%2f3uU9VGPclmE2gVGCv2CFaKXBFomBYkiC7M384AmUtDDZLiDim%2fow9fV
610-19-LE26;Base de datos Plexos del Sistema Eléctrico Nacional;Publicada;Comisión Nacional de Energía;Comisión Nacional de Energía;Región Metropolitana de Santiago;Santiago Centro;22-09-2026 16:49;09-10-2026 16:00;11;50000000.0;CLP;LE;Servicios basados en ingeniería, ciencias sociales y tecnología de la información / Servicios profesionales de ingeniería / Ingeniería eléctrica y electrónica;1 Unidad · Ingeniería eléctrica;;;360 días;No;De acuerdo a lo establecido en Bases de Licitación adjuntas.;Esteban Robles Quiroga;El objetivo general es contar con el desarrollo de una base de datos en el software Plexos, de carácter multinodal y multiembalse, que permita a la Comisión simular la operación económica del SEN para los procesos regulatorios de su competencia, en particular el proceso de Fijación de Precios de Nudo de Corto Plazo, en adelante “PNCP”, de manera consistente y comparable con los resultados obtenidos mediante el modelo actualmente en uso (OSE2000).;https://www.mercadopublico.cl/Procurement/Modules/Attachment/ViewAttachment.aspx?enc=3dtH504qCnNdtEzZQ7JWAhRGqrhgIBsCklho9e0QFcWVqyh53C7svJfwK4J%2f3xhubx7UI9SlRK8fNQTXMj0%2b%2bGVIoHE0EbahbcE9%2ba0WOW5%2fV2T7q86p0rHW0wI4FM1xdSrQF5dgpLkONERgAmo1G8GOGhtxHdmn4E9Ky2ayi7oapYMGWJhIIkWqbmFZDcPFij1nN%2fHcvoeJyIQK45las7y6b9B0NrJg5rSSz1blzXYtBSbeH2lAjKHt3tMWRSwDlkU8TJwrjjMLsP8qPyjrudxZU8vDeSW6CceZoyXSguklpyN%2fuCAUyGTfQtMmdfSA
1020-40-LP26;Serv.Cloud Amazon Web Services AWS o Equivalente;Publicada;MINISTERIO DE OBRAS PUBLICAS DIREC CION GRAL DE OO PP DCYF;MOP Subsecretaría ;Región Metropolitana de Santiago;;20-08-2026 15:39;13-10-2026 15:01;15;295121.0;USD;LP;Tecnologías de la información, telecomunicaciones y radiodifusión / Software / Software de consultas y gestión de datos;1 Unidad · Software del sistema de administración de bases de datos;;;36 meses;No;Ver numeral 10.5 de las Bases Administrativas, en archivo adjunto.;Carmen Gloria Ponce Pérez;El objetivo de la presente contratación es disponer de un servicio en la nube destinado a alojar los gestores documentales del Ministerio de Obras Públicas MOP y los datos institucionales del MOP, incluyendo el respaldo de repositorios, la gestión de contenedores, aplicaciones y otros datos actualmente alojados en infraestructura propia del Ministerio.;https://www.mercadopublico.cl/Procurement/Modules/Attachment/ViewAttachment.aspx?enc=HFqhBHpZSO0swGZ3dgrpxbTIpKkUHRrok7ie8zm77K8Q2OjKydfVtI7wll3houp3MxmwJZ1WAkx%2bbYggYwaQIK%2fPjf4S6mLGlzN5hnkgZVXS7kVZzJdBfFTDlpqbCZl3izchUBVm3vYMZDNPFctAPWl5ndtCViiypp3xFypq8BEbon4FqdBkqQrrVJM7Kre8dPPXWEmOlv532eLTut84cSGS1aTtoUVWy%2bMZffu6x9Ttw5fWhifLIwvHgwts38JqyueYJmiZ%2fNilqLjEMNce%2bpuBDuBZaf3knCUJVdS0mQs8trxIVlhA%2f9jLdiZ8q0zn
2445-124-LP26;SERVICIO DE TELEFONIA FIJA IP Y PLATAFORMA IVR;Publicada;I MUNICIPALIDAD DE CURICO;Salud - Adquisiciones;Región del Maule ;Curicó;21-09-2026 16:58;13-10-2026 15:01;15;;CLP;LP;Servicios profesionales, administrativos y consultorías de gestión empresarial / Servicios de recursos humanos / Servicios de personal temporal;1 Unidad · Mano de obra temporal;;;48 meses;No;.;ENRIQUE IBARRA;LA NECESIDAD DE CONTRATAR EL SERVICIO DE TELEFONIA FIJA IP Y PLATAFORMA IVR PARA EL DEPARTAMENTO DE SALUD DE CURICO POR 48 MESES. SE REALIZARA VISITA A TERRENO OBLIGATORIA EL DÍA VIERNES 25 A LAS 11:30 EN CARMEN 925;https://www.mercadopublico.cl/Procurement/Modules/Attachment/ViewAttachment.aspx?enc=x2W%2faj4KNqU6XX60QKxs0Hg6wY47DlFhR4IIS%2bGWeUh07H14vyvL4tos1kOQn8suWM4UGQm%2f%2fq%2be%2f5m1cnpaWGFn0V7qXYV2pDoF6GHze89cvdPFV2wfaC676fo%2brcAaYeTuamyoEWUeBFIb7PLhgIIUC8%2f9vPE0gn660vnivUxZg4XNQCzPs%2ftKuEgZ7AaW64uUHmtLvrZbjoXBj7KYKKdedVSIIaOhKJ%2f3TwiZnRiGfPaKKHHrsMznj4DE9zXehCDy9XjY%2bXrCwJpJI9v9P6Pya9RilGVVq6hWKR7wPImldVGZLnorVuKb0bigSKIl
29-81-LP26;AGF - PLATAFORMA INGLES;Publicada;FUERZA AEREA DE CHILE COMANDO LOGISTICO;Comando Logístico;Región Metropolitana de Santiago;El Bosque;11-09-2026 13:10;13-10-2026 15:01;15;;USD;LP;Educación, formación, entrenamiento y capacitación / Sistemas educativos complementarios / Escuelas de idiomas;1 Global · Enseñanza conversacional de idiomas extranjeros;;;;No;;PAULO ARELLANO WOLFF;CONTRATACIÓN DE SERVICIO DE PLATAFORMA INTEGRAL DE CAPACITACIÓN EN IDIOMA INGLÉS MODALIDAD E-LEARNING CON TUTORIA;https://www.mercadopublico.cl/Procurement/Modules/Attachment/ViewAttachment.aspx?enc=FnSMvOaJ1HgssAobrfBW86L23vavPMDC3O4V2XMR40iqiUUFWr4sT1xJJe1F55eljOOONoPBv3%2bWyd49UdWBP3SImK%2fT4P%2f1bLsEKcPQAQxVqSELhEeXg5Sl4z3nOD%2fuZHqTBeFxCqFkvUHsRnacR5qATBWLg53%2b3GL0JWP9z290BJjB6rT8vrXlZ29PD0nPU0DIT17EGje6Fb%2f0rrlLFjE7v2MOfbLr2u51%2fIRi%2fu7bsHEEMv%2bWvZIg6%2fA5kixPB01Liav5rwpQ8KoI2j9ps%2f747URNYTSmqMd%2bRQ4fzW8yIoU%2bIKV8icWEI%2f301YKp
3447-145-LR26;Adquisición e Implementación Plataforma Integral;Publicada;MUNICIPALIDAD DE ALTO HOSPICIO;Direccion de Administracion y Finanzas;Región de Tarapacá  ;Alto Hospicio;11-09-2026 15:26;13-10-2026 15:01;15;;CLP;LR;Servicios basados en ingeniería, ciencias sociales y tecnología de la información / Servicios informáticos / Ingeniería en computación e informática;1 Global · Servicios de programación de sistemas operativos;;;24 meses;No;;JAIME AROS BINIMELIS;Art. 9º	La Municipalidad de Alto Hospicio llama a Licitación Pública denominada Adquisición e Implementación de Plataforma Integral de Gestión Municipal y Servicios Traspasados para la Municipalidad de Alto Hospicio, cuyo objeto es la adquisición, implementación, parametrización, integración, migración de datos, capacitación, puesta en marcha, soporte y mantenimiento de una Plataforma Integral de Gestión Municipal y de Servicios Traspasados, destinada a modernizar, digitalizar y automatizar los procesos institucionales, optimizando la gestión administrativa y operativa, fortaleciendo la interoperabilidad con los sistemas de los organismos de la Administración del Estado, mejorando la atención de los usuarios y asegurando el cumplimiento de la normativa vigente en materia de transformación digital, ciberseguridad y protección de datos personales. Lo anterior, de acuerdo con las características entregadas en las presentes bases administrativas y técnicas adjuntas, en virtud de una mejor y eficiente gestión municipal.;https://www.mercadopublico.cl/Procurement/Modules/Attachment/ViewAttachment.aspx?enc=m8C3x0SCETrsQcK7f%2fTpLGgEksvyGsjNIpO%2b%2bbzI3iqCf9sC2STBCSodqCzjftvvRaJVGmlrA%2fXZJt2Wc7IJ%2fflLsK8W7RggAnsoAz2ZBeNL9BUq7%2fUbrztymUpgvePBt3ODRgj%2bzRdXtiTg8GogDchCgiuRV79JbYDsiS%2bRJIQbzXZLX1Y1kmFiioRXP6DdqWPtbuyfViUP2tGlG2GmP9%2fTrj5FMX3TJPlLENgjnkWxSBpMZ4h0zkfrUgzxVqFqGQ4%2b1uavtyXakt6BJJCvGdgy9SoKvX%2bcDAmjv6U06PmrcHCGd3ObQgX3%2bBYRi4s6
5482-101-LR26;Plataforma IA para video y seguridad urbana;Publicada;I MUNICIPALIDAD DE NUNOA;SECPLANUNOA;Región Metropolitana de Santiago;Ñuñoa;10-09-2026 17:31;13-10-2026 15:01;15;;CLF;LR;Tecnologías de la información, telecomunicaciones y radiodifusión / Software / Programas de desarrollo;1 Global · Software de desarrollo de plataforma Web · 26 Mes · Software de desarrollo de plataforma Web;;;26 meses;No;;Katherinne Ayala;"La presente licitación contempla como objetivo general, contratar el suministro,
implementación, puesta en marcha y soporte continuo de una plataforma de Inteligencia Artificial para analítica de video y gestión inteligente de alertas, que opere sobre la red decámaras yo el sistema VMS ya existentes de la Municipalidad de Ñuñoa.";https://www.mercadopublico.cl/Procurement/Modules/Attachment/ViewAttachment.aspx?enc=4%2f3Xr%2fmAu6VzPl06GouissuSBov%2fIFxSfJyoX2DrOekOkd6eZYd7AYHpc9PDQGx5bGTvtLetEV3x63iHbL98V443L%2fzcIGpumHr8xWRUZWMZ2FiTJ6yW1F%2fT9Thtj6%2bQvrALfQLn%2bg6XI9wLEXpAC4%2bVEnPSrE%2fqbQfJZyxTMhVh4vkgeEstmG1%2f1c8N9sACshSMkehP0E2RMgwZRjem0Lk0UuRo2DmmzrmABf%2f2iCgLhy2VNtwzGusdhU5fZizJ9oxc0EriFqVyO3FF%2bh4GUpO1s75DE8dSQUBKhcQnsNwZbdi1%2bwAXz%2bd1UVFycFSU
1239966-13-LP26;CONVENIO AGL EQUIPAMIENTO TECNOLÓGICO E INFORMÁTIC;Publicada;Corporación de Ecuación, Salud y Menores de Puerto Natales;CESFAM JUAN LOZIC PEREZ;Región de Magallanes y de la Antártica;Puerto Natales;28-09-2026 15:10;13-10-2026 15:01;15;;CLP;LP;Tecnologías de la información, telecomunicaciones y radiodifusión / Equipos informáticos y accesorios / Computadores;1 Unidad · Computadores personales;;;;No;;Daniela Vega Blasquez;Se requiere adquirir los productos del convenio al Programa de Apoyo a la Gestión a Nivel Local en Atención Primaria de Salud, para el Cesfam Dr. Juan E. Lozic Pérez, ubicado en Javiera Carrera N°1430, de la Ciudad de Puerto Natales;https://www.mercadopublico.cl/Procurement/Modules/Attachment/ViewAttachment.aspx?enc=dvAwF6Y%2fp6yeXDUuhbCMYfjZCqrdcUyucsG21V8HBxn%2bn%2fRgCpWrjK1hDQ4XIbiIFrmts59JVcNaxDXRZCQy4LE0%2baPgMJ6YJm%2fuPG%2bWuB0KBMH%2bIFnOkvaxgALzlRzg%2bP9hccFSRwpMD0ENpOXR0lLU6in560pBUlCpr45DRC7vd3MKIZArEWJRA0ADSqP43lvFDPl4SuLR%2fxDYIcS9nlhxAODUYbhzXFhEjVyA7kRqkjQDz18hjeKtrjW9SNLv8Xo8rUt049R2pGDcnM9mniuSkprUkyKbTZQOSiDCcoy1zgvUKeLk0au7GQfYPgZF
4246-9-LE26;Licencias de software EDB Enterprise;Publicada;SUPERINTENDENCIA DE CASINOS DE JUEGO;Superintendencia de Casinos de Juego;Región Metropolitana de Santiago;Santiago;28-09-2026 10:41;13-10-2026 15:01;15;31000.0;USD;LE;Tecnologías de la información, telecomunicaciones y radiodifusión / Software / Software de consultas y gestión de datos;1 Unidad · Software de administración de bases de datos orientado a objetos;;;;No;;Alejandro Ledezma;"Adquisición de 4 EDB Enterprise Plan Production Support 1 Year Subscription y 10 EDB Enterprise Plan Basic Support 1 Year Subscription. 
Según bases de licitación aprobadas por Resolución Exenta N°945 adjunta";https://www.mercadopublico.cl/Procurement/Modules/Attachment/ViewAttachment.aspx?enc=QafcWHBXoP07yGNEyHUUnIlsD8S%2f0zgao3ca2nU%2b0Z9cZlm5tPZpnuRs0b3CvebFYZFIHY7Z7cQ1EutZXEWgQ6LqYvwQgLfbRyTPfR08V3yJNcNbo5%2fDuLpdvm6jUiOrKmo30tui%2bRMmPROP%2fr0TDcNkwwoiWeeaqtyaYaVSP4u6SRZpswMRx7NDazTxE04eZdglceiUfeBHvPQQPs71jhBVfyJWLkDhcbh%2fhzoKKrwx%2fyV7LnEgpfqvdkVBWL7go0yXNYSTkCo19ERiWWZErfWJ%2bCAVuH3umcSJA6b5BrsY0Fckk3dQSiC5BPccy2Bg
4449-30-LP26;Adquisición de libros a perpetuida para BP Digital;Publicada;SERVICIO NACIONAL DEL PATRIMONIO CULTURAL;SUBDIRECCIÓN DE BIBLIOTECAS PÚBLICAS;Región Metropolitana de Santiago;Santiago Centro;22-09-2026 17:10;13-10-2026 15:05;15;73000000.0;CLP;LP;Productos impresos y publicaciones / Material electrónico de referencia / Publicaciones electrónicas y música;3 Unidad · Libros en casetes o CD · 3 Unidad · Libros en casetes o CD · 3 Unidad · Libros en casetes o CD · y 577 más;;;;No;;Salvador Young;ADQUISICIÓN DE MATERIAL BIBLIOGRÁFICO BAJO LICENCIA A PERPETUIDAD PARA BIBLIOTECA PÚBLICA DIGITAL”;https://www.mercadopublico.cl/Procurement/Modules/Attachment/ViewAttachment.aspx?enc=mIdpwl38mcXFrvAbYNdydtfdcIjCGaFG%2bNgP4sECBRRGLK1jD5rerW7cHiFTCvOADUKmLC5jt3b9bJe6ngmBG0zzXCeaBTrLgsQegE0%2bveJLQst2GWkTKqXcYiLq2ebfGfpYgQlfk%2blkQ%2f14HFvXkIizOYNHy9lYowp7IjsbT9cGFWskP1rbf%2fyBqpAaaNbz6tnx4mgbXI0T4GVLvcXz8NgvbMKDjv8QJLCy9WnVvjo2rMKpfok3mr8AoQ9131V1CV%2fTCyt%2fiPsNpGf2twgQ54Ppkv4yCn4VCdaMDuWV9ylyUdPRjrlzo%2f1zulhYp%2fIQ
906973-10-LP26;SEGUNDO LLAMADO SISTEMAS INFORMÁTICOS DE GESTIÓN MUNICIPAL;Publicada;I MUNICIPALIDAD DE VICHUQUEN;SECPLAC;Región del Maule ;Vichuquén;23-09-2026 15:10;13-10-2026 15:30;15;;CLP;LP;Organizaciones y consultorías políticas, demográficas, económicas, sociales y de administración pública / Administración y finanzas públicas / Finanzas públicas;36 Mes · Servicios contables gubernamentales;;;;No;;Ariel Munoz Vasquez;La presente licitación tiene por objeto contratar el suministro, implementación, soporte y mantención de sistemas informáticos de Contabilidad Gubernamental y Gestión Municipal para la Municipalidad de Vichuquén, incluyendo software, módulos funcionales, servidor o infraestructura local destinada al servicio municipal, UPS, licencias, respaldos, parametrización, migración, pruebas, capacitación, puesta en marcha asistida, actualizaciones normativas y demás componentes necesarios para su correcta operación, durante 36 meses contados desde la suscripción del Acta de Recepción Conforme de Implementación.;https://www.mercadopublico.cl/Procurement/Modules/Attachment/ViewAttachment.aspx?enc=x5%2bKYUqa4iw%2bbGz7xwKR0641spNr5vo1asfntty%2f76tBep4w42hjoi6eYug99MsCvvtAmrqrljqPIK%2bPWPJuuvaEiwmYyGiFwJRrUZpO4wAgTsLtDHEGxEVtZ7j7MsorrwZIbSFZ1lvERMhmr63sTXdbyn2yreRtYsaSdwBV%2fiwPrKuen2MX%2brEIjYfDwTnDjuNNBPDG48vchYNtw0I3w7Sp%2fSFVZ%2fwhGSB3SuTRrojqtwEgF4WUqLQmjgmFYPMm80j4iVlhCLUGZCHVk2oYAL1813Ab54MjnLm1QS7gKcy58vU3XQxPtM%2fiVeVMJJ%2bv
5420-22-LP26;Arriendo de enlace de voz y datos;Publicada;GOBIERNO REGIONAL DE ARICA-PARINACOTA;Gobierno Regional de Arica y Parinacota;Región de Arica y Parinacota;Arica;21-09-2026 10:20;13-10-2026 15:30;15;;CLP;LP;Servicios basados en ingeniería, ciencias sociales y tecnología de la información / Servicios informáticos / Servicios para internet;1 Unidad · Proveedores de servicio de Internet (ISP);;;;No;;Omar Sepulveda Vasquez;Poseer un enlace de voz y datos para las dependencias del Gobierno Regional de Arica y Parinacota y Consejo Regional de Arica y Parinacota;https://www.mercadopublico.cl/Procurement/Modules/Attachment/ViewAttachment.aspx?enc=Cg%2fKBVPhI5c4EFAG5bRoNhRjicPNwJUCgcuNDweUyy7%2bJksf6v5OKxx51FfwuxSHjtevYtSU9dqHoSgLwjd81kHHV6ASgk0f70rbvCNAaOTRGZIoye8gyA%2fqvwvYaqLtxMorGW766h%2bbSjH%2fLe9XtQHkFzilvs1eEz0Otb3bWXRw1CRafpC8Xr2dZCmj%2fY%2fXsi8RRzipZ94zm3iEy5YTyFHRu1r75twewUTLKiwGtgVeQLhPj%2fNIrTlhzuzdMckZFW0pucbat5p1TebCai3a084To7kzVHWdlqUK02Q16ggviA5BoTUqQ9j86F9hg6kN
599-37-LP26;ADQUISICIÓN DE SOFTWARE COMPRAS Y PAGOS 36 MESES;Publicada;JUNTA NACIONAL DE JARDINES         INFANTILES;JUNTA NACIONAL DE JARDINES         INFANTILES;Región Metropolitana de Santiago;Santiago;23-09-2026 18:16;13-10-2026 18:00;15;;CLP;LP;Tecnologías de la información, telecomunicaciones y radiodifusión / Software / Software de gestión;1 Unidad · Software de gestión de adquisiciones;;;36 meses;No;;Oficina de Gestión de Contratos;La Junta Nacional de Jardines Infantiles, JUNJI, a través de la Sección Tecnologías de la Información del Departamento de Planificación, requiere la “ADQUISICIÓN DE SOFTWARE DE COMPRAS Y PAGOS A PROVEEDORES POR 36 MESES PARA LA JUNTA NACIONAL DE JARDINES INFANTILES”.;https://www.mercadopublico.cl/Procurement/Modules/Attachment/ViewAttachment.aspx?enc=wTLK43AmNhPBW29ir%2fBOqUKI3jY4HciKfYKZ0HUN1F2fGfW329OgUysWF45IBniDpbbwfFZzSrjsQ%2f5wGM%2bhCjLvOeot%2fN1I7ENUgSlozwFOz20B1nU3O0WvGrh4UhEBbzwUTc3succYSvO%2bYLnzdxB6PaJ%2bcxlIjGZuCKOIEtvAWUU2YdGvarMl51%2bZy8IjmMKdLNrylyTL99BlGLOUJvDoiAXs3uM%2fJiZMol5XYTcCLAXHYG5BsitOGyQI8h27%2f27g7b02pRbX%2b1KKXaE3eoiJ373BwkAJhYBvlcGLYkGoxtqN9RwyaN2pQORLwmK7
2107-153-LP26;ARRIENDO DE INFRAESTRUCTURA FÍSICA ENTERPRISE PARA PLATAFORMA TECNOLÓGICA INSTITUCIONAL;Publicada;SERVICIO DE SALUD HOSPITAL DE SANTA CRUZ;Hospital de Santa Cruz;Región del Libertador General Bernardo O´Higgins;;22-09-2026 17:15;14-10-2026 15:29;16;;CLP;LP;Tecnologías de la información, telecomunicaciones y radiodifusión / Componentes para tecnología de la información, difusión o telecomunicaciones / Subconjuntos para dispositivos electrónicos;1 Unidad · Componentes de dispositivo de entrada o unidad de almacenamiento;;;36 meses;No;;Nicolas Salgado;la contratación permitirá mantener la continuidad operacional de los servicios institucionales, disminuyendo riesgos tecnológicos y asegurando la disponibilidad permanente de la información clínica y administrativa;https://www.mercadopublico.cl/Procurement/Modules/Attachment/ViewAttachment.aspx?enc=46TPcL6hKeep9trllITc19wGfLwuO4zZgv98jV1BfhfsXwPMusARssfPwDKDJ7E6V1uCpyfXSvUq0xBxmhj9TiEQbtH7Opu8vrjTpI7pDaRkfMls0GkXc2ObdCbkLPsCM9P0exCJqJnYxEFbiKIpAxgif2I46ljHrrj5tZLfRVUfo6Pm3Tt7j%2bJkt6SUKOMQVMCYJXlmAMjSxKeIIDC7gm28LEQfkfVb6synvhmnUlWPNT0fOJnW2OHBd4%2fjO%2fkyR9%2fHfdtDUKsSIwuZr2BtYgymF7BBrpdaza5fpzRcYB3izm213Ei47jKhoh3Kfk8Z
2760-118-LR26;SERVICIOS DE TELECOMUNICACIONES Y OTROS SERVICIOS INFORMÁTICOS PARA LA MUNICIPALIDAD DE CORONEL;Publicada;I MUNICIPALIDAD DE CORONEL;SECRETARIA COMUNAL DE PLANIFICACION;Región del Biobío ;Coronel;14-09-2026 19:27;15-10-2026 15:00;17;540000000.0;CLP;LR;Servicios basados en ingeniería, ciencias sociales y tecnología de la información / Servicios informáticos / Administración de sistemas;1 Global · Soporte y mantenimiento de red de área local (LAN);;;60 meses;No;;RODRIGO HENRIQUEZ ARANEDA;SERVICIOS DE TELECOMUNICACIONES Y OTROS SERVICIOS INFORMÁTICOS PARA LA MUNICIPALIDAD DE CORONEL;https://www.mercadopublico.cl/Procurement/Modules/Attachment/ViewAttachment.aspx?enc=lC0hasKNKfApjz2CaqWOgdsAxrgdefLz%2fQWyvTJWPB1cfnDQrn7xduqTGhvsbsnFFgcQgtlODxNVlip8oi%2fOx97T%2bTSYnwARJaGRfLCb1MOP9iLMAwx%2fRVlxbii2LHfMa1udkX%2bcjjzKyMiI4%2bIz7KwjsfgsZjL6O2b%2bHl8li1h570zELMuAJjYR5DTzWKysWZJUo1sFfZc9Ex9r%2faYi%2fbZnU%2f2XVjLsxmZCSEqM7q5cBDAq%2fSFKUXWgySftRUkNOtk1TihA%2bu%2fh%2f%2fLDRnsk613d7qV9VbUBy%2bP8ZBa%2ffdRA8i4EpsajEs6anyI8nfSK
548874-78-LR26;SERVICIO DE LICENCIAS CLOUD SUCCESSFACTORS;Publicada;INSTITUTO DE PREVISION SOCIAL;IPS Oficina Central de Compras;Región Metropolitana de Santiago;Santiago;07-09-2026 16:24;15-10-2026 15:00;17;606192000.0;CLP;LR;Tecnologías de la información, telecomunicaciones y radiodifusión / Software / Software de gestión;1 Global · Software de gestión de licencias;;;12 meses;No;Ver bases administrativas punto 16.;Por Definir;SERVICIO DE LICENCIAS CLOUD SUCCESSFACTORS EN MODALIDAD SAAS  E1O2RT8.;https://www.mercadopublico.cl/Procurement/Modules/Attachment/ViewAttachment.aspx?enc=qw8qM2UJR6krtbW766SFu%2fLPpt%2bEdjlPlvPKNXLRctdS5iZMTB5nFpK89AfZE%2fZZBgHi9oq1MYsuhJejuvyUWj%2f9oI5M6YKtxYHgsasukDIF%2f4Nr%2fII49vbIvIZL5y62ybox0D5tR2bSzHLehQbpoo2lXksmeIdijRCzzXEgZxJyHVb3qIolqcrBiF8Mx3JgKVexoph1z1s7bRZqGqTxs2bq4oZJ8PKmxhQ51vUUlA5SnaHD0rCAxocYszAypQaL2%2fu6E2RQI9t4XGhGjHMDPMy51kn7Uz1QWcP8L7jWm6Ij2XOaY9hYbWkXbzoQZ4rN
1305532-14-LP26;VALORIZACION ACTIVO FIJO Y SOFTWARE INVENTARIO;Publicada;SERVICIO LOCAL DE EDUCACIÓN PÚBLICA DEL ELQUI;COMPRAS Y LICITACIONES;Región de Coquimbo ;La Serena;23-09-2026 16:11;15-10-2026 15:30;17;138000000.0;CLP;LP;Servicios financieros, pensiones y seguros / Contabilidad y auditorías / Servicios contables;1 Unidad · Contabilidad de inventario;;;24 meses;No;;Francisca Pérez García;El Servicio Local de Educación Pública de Elqui requiere contratar el “Servicio de Levantamiento, Valorización de Activo Fijo y Plataforma de Gestión de Inventario”, como una solución integral compuesta por dos componentes principales: i) el levantamiento, catastro, regularización y valorización de los activos fijos e inventarios institucionales, y ii) la implementación y licenciamiento de una plataforma tecnológica destinada a la administración y control de dichos bienes.;https://www.mercadopublico.cl/Procurement/Modules/Attachment/ViewAttachment.aspx?enc=JBTCTb3u5Ntv7rnYWG%2bnneyTptp0QLLC7Pzbn3suDQsn5%2b0W6eiwV3y8xx6qRi%2fyenvWKS8trn60QlhECmFyM4sXzWYL%2fMTMTQTdrZ1cMUIWR6NtGh3lv%2f2WfIQ6iF9q0vw2%2fMpEfLwc6ZxBwKBfq6x7uWIc0pFisiY4HtduXDDMSrECZF8zpI4otnPJvUAjVG5mJA0h0u7%2fth%2fvtojwULIRyzVmRpkMCaicJevUB4HFePpzSP1lUeG0TAyFqmsUvjUAshQUvrVrLB5apXyrCCPWip0tPaIka6Hby4MXbpGAoaRJXSof2FNPJThkbWQi
1305532-16-LP26;LICENCIAMIENTO SOFTWARE CONCILIACIONES BANCARIAS;Publicada;SERVICIO LOCAL DE EDUCACIÓN PÚBLICA DEL ELQUI;COMPRAS Y LICITACIONES;Región de Coquimbo ;La Serena;24-09-2026 12:50;15-10-2026 15:30;17;72000000.0;CLP;LP;Tecnologías de la información, telecomunicaciones y radiodifusión / Software / Software de planificación de recursos empresariales (ERP) y contabilidad financiera;1 Unidad · Programas de contabilidad;;;36 meses;No;No se permite la subcontratación para el presente proceso público, dado que, el servicio requerido será contratado de acuerdo a las condiciones más ventajosas que arroje la evaluación de los oferentes, entendiendo por estos, el conjunto de condiciones e;Francisca Pérez García;El Servicio Local de Educación Pública del Elqui requiere contratar una solución tecnológica integral, bajo la modalidad de Software as a Service SaaS, destinada a automatizar, optimizar y fortalecer los procesos de conciliación bancaria institucional, contribuyendo a una gestión financiera más eficiente, segura, trazable y conforme a los principios de control, probidad y modernización de la función pública;https://www.mercadopublico.cl/Procurement/Modules/Attachment/ViewAttachment.aspx?enc=pb8gZlMmbvf4dfh0W63foJRP%2f4A6yqZJjPRzGu5T8Sl7uPU6suWYD43YO7w2S3pHc%2bdmsYbv6BaGDKcklsgOPvoLwXw2DXd3M9XZGCvjgK6C%2fIWw%2fwN4cAkbOy7idOwMydviwVjQsFCIQl6%2fBt1sRcQ4nDrwsHmswZphMVp2xGqg35s2HWNnNF2%2bejBmFQ9EUWuX4yoIlQWYCTPJQLLe2tokBqtD74NhDCZi%2fG1Z%2fsuu9nwy6FJyAkmKt6LnGBf18LbaIH9zGwdXspfa6mWrkXF0RrAlQz8bPcLw11uSpCAj4OnwEasv97t6vY5KmNdh
2403-72-LP26;Servicios Cloud;Publicada;I MUNICIPALIDAD DE PENALOLEN;I.MUNICIPALIDAD DE PEÑALOLEN;Región Metropolitana de Santiago;Peñalolén;23-09-2026 12:43;15-10-2026 15:30;17;320000.0;USD;LP;Servicios basados en ingeniería, ciencias sociales y tecnología de la información / Servicios informáticos / Servicios de datos;1 Global · Centro de servicios de datos;;;49 meses;No;Según Bases de Licitación;Matías Allende;"La Municipalidad de Peñalolén requiere contratar la asistencia de gestión
comercial, contractual, organizacional, de facturación y soporte administrativo
de servicios Cloud actualmente desplegados en dos cuentas AWS y una cuenta
Google Cloud Platform, para asegurar la continuidad operativa, autoservicio
municipal, control de accesos, trazabilidad, cumplimiento normativo y
coordinación con los proveedores cloud.";https://www.mercadopublico.cl/Procurement/Modules/Attachment/ViewAttachment.aspx?enc=1i3iZlOTTCvkSvkrnRunmSRt2BASd2DmkGGKWZaMjYvWfSqiMSFPongqA%2f6E8WUEVtlru%2fjy92HUUL4xF4yk%2btCcJFO%2fnS3IOFHzX3fij5OpjQbeuEFFkri2TAsgOnYU0Q4zUe4g5mLZHMHza6GIm1A7bbkCiIeFfP5Rc8cscK2wREUTFwnRNcO%2fBRWyksBKzlTNCZKwunmr9bSMuCfkUTkybhcaikbGzv8fiqvJTmcmFGbibjTZqw3tuBtHnSqe47KsR3kFNYSN%2f0IOcJnh6NCFCsbb9svxPB0h%2bkzC4Ec6uHXqNs99z2QY9K84Fdjq
608-197-LR26;SERVICIO DE OPERACIÓN MANTENIMIENTO Y ACTUALIZACIÓN DE PLATAFORMAS TECNOLÓGICAS DE LA SALA DE CONTROL CENTRALIZADO DEL HOSPITAL DR. GUSTAVO FRICKE;Publicada;HOSPITAL DR GUSTAVO FRICKE DE VINA DEL MAR;Hospital Dr. Gustavo Fricke;Región de Valparaíso ;;14-09-2026 12:07;15-10-2026 16:29;17;675433201.0;CLP;LR;Servicios basados en ingeniería, ciencias sociales y tecnología de la información / Servicios informáticos / Ingeniería en computación e informática;1 Unidad · Integración de sistemas;;;17 meses;No;;SE DEFINIRÁ AL MOMENTO DE ADJUDICAR PROCESO;"Que la unidad de control centralizado integra plataformas tecnológicas y de comunicación complejas que
permiten el monitoreo constante y reacción inmediata ante incidentes y respuesta en tiempo real frente a
emergencias.";https://www.mercadopublico.cl/Procurement/Modules/Attachment/ViewAttachment.aspx?enc=IdUZDBqXGGg1WPECQhvmApoZ9JvjaOAC1NgxSN5w7c3%2b4DqPBz%2fMd2YsA2Tki8ahY7JN%2f3uXYqQei5OFsEAyLM6ih6xu8%2fBgVNc5KaGf%2fojKmXnPgzSej%2bNk%2fiSj9gKVWQpVs2wGKSxWnpxBQ3xVQP382FtC2p2FdUWmzxHRu8ubB8X7zPI%2fTMsxE7hUW3QItaNwuk0wpuVrgVwL19wun0leKf2IzSrdgQaJRygiE%2bPW9P4lFEwpTxKXLBzL%2bBoOWUN7wwLHg8NMlxmI6gnXLfUg7lkI5K%2fTVwwYZuozpVRGifLauf3T1bq6%2f%2f3dEYgM
1643-91-LP26;SISTEMA INFORMÁTICO ERP;Publicada;SERVICIO NACIONAL DE SALUD HOSPITAL DE T;Hospital de Talagante;Región Metropolitana de Santiago;Talagante;25-09-2026 12:55;15-10-2026 17:00;17;320000000.0;CLP;LP;Tecnologías de la información, telecomunicaciones y radiodifusión / Software / Software de planificación de recursos empresariales (ERP) y contabilidad financiera;1 Unidad · Software de planificación de recursos empresariales (ERP);;;24 meses;No;;Paulina Montenegro Aguilera;EL HOSPITAL DE TALAGANTE REQUIERE LA CONTRATACIÓN DEL SERVICIO DE IMPLEMENTACIÓN, MIGRACIÓN, PUESTA EN MARCHA Y EJECUCIÓN DE UN SISTEMA INFORMÁTICO DE GESTIÓN ERP POR 24 MESES.;https://www.mercadopublico.cl/Procurement/Modules/Attachment/ViewAttachment.aspx?enc=x9KuAy%2fO1Eu7dLoOn5cmk14DuKrHs8WscPB8pxmTF2r9HalRU9U%2fpQ%2bMhie7O8ACosS5HglgHhsLyv996PLZ1%2bouuhJxqDIV2zzs9975eVjqOg79TaSVTcor3MM8Xv5Pq%2b5bRMgOKVr5NaBV7c61TF%2bbeI0oZNwKFNCFPlTzdGHd%2bqkbU3qW7ReVnBQ6suNv1VQgc9Y6r%2f6H48LXu6D6j4kounWUBjAOfD1t%2bxEsPJWtLqrILMSRkh5ZNy9nqjV%2bp3v6gJlKY3glhTK3gA0hhEl%2fHFfWOSIAGczaGek7VgsmZRKjGXiyBM4KnGtZRHwM
2852-59-LP26;ADQUISICION DE LICENCIAS DE SOFTWARE;Publicada;I MUNICIPALIDAD DE PUERTO VARAS;Adquisiciones Municipalidad;Región de los Lagos ;Puerto Varas;25-09-2026 17:40;15-10-2026 19:54;17;;CLP;LP;Tecnologías de la información, telecomunicaciones y radiodifusión / Software / Software de consultas y gestión de datos, Tecnologías de la información, telecomunicaciones y radiodifusión / Software / Software de gestión, Tecnologías de la información, telecomunicaciones y radiodifusión / Software / Software de planificación de recursos empresariales (ERP) y contabilidad financiera;1 Unidad · Software de gestión de licencias · 1 Unidad · Software de gestión de licencias · 1 Unidad · Software de gestión de licencias · y 8 más;;;;No;;Segundo Garcés Leuquen;La presente licitación pública tiene por objeto adquirir, licencias de software para distintos departamentos municipales que nos asegure un alto estándar de calidad, eficiencia y nos asegure la continuidad de todos los servicios, integridad, de acuerdo con los requerimientos y las condiciones establecidas en las presentes Bases Administrativas, Requerimientos Técnicos y anexos que forman parte de ellas y las aclaraciones que se hicieren a éstos. El sistema de contratación será licitado en propuesta Pública y publicada en el portal www.mercadopublico.cl.;https://www.mercadopublico.cl/Procurement/Modules/Attachment/ViewAttachment.aspx?enc=bBBKtgG3%2fVC2mEToj%2buSaQk4C6rAMmsxUywEdGsfwZGVi8QaLyryRiRKGAMtYBsBG5obxDUWnApQClaEP7mmfbVphemVrXuDHeNWxbPQ5JCYgyfk05PIEDn0OP77prkYGwCVp5HyARork%2bJTkmXa9eIEdidWVXhJxy3QeebGPEeLowS%2bkkqfz9KAHv4KQNRfGhVk2cs%2bQr2Hif3WFe9KLdJ%2frcS1NOY2cQbXQUNoPHKh8dhr2apWvmD5qbD0fw7Xk%2fFCJO7kai%2bu8ggvRYbjRdo%2f%2bk5KCdxh4Xvxfa9XoYAAJlOR4mQ2PD3fIHpqA5fx
4459-23-LP26;Plataforma de Sistemas Informáticos de Gestión Municipal para la Ilustre Municipalidad de Pichilemu;Publicada;ILUSTRE MUNICIPALIDAD DE PICHILEMU;Departamento de Proyectos;Región del Libertador General Bernardo O´Higgins;Pichilemu;25-09-2026 12:11;16-10-2026 15:00;18;265216200.0;CLP;LP;Tecnologías de la información, telecomunicaciones y radiodifusión / Software / Software de administración de redes;1 Unidad · Software de mejora de sistemas operativos de redes;;;;No;;Isabel Riquelme Gonzalez;Implementación y operación de una plataforma de sistemas informáticos orientada a optimizar la gestión municipal de la Ilustre Municipalidad de Pichilemu. Esta herramienta permitirá centralizar procesos administrativos, mejorar la atención a la comunidad mediante servicios en línea y facilitar la gestión interna de las distintas unidades municipales, contribuyendo a una mayor eficiencia, transparencia y modernización institucional.;https://www.mercadopublico.cl/Procurement/Modules/Attachment/ViewAttachment.aspx?enc=xrj98ry5gwCWqC1xhdFDNe58p4IoJLdYymGa3fZeL%2fEsX7hZVUie7eMZ3deVw46gdA%2bBR7WPdomjKsYBzicqAkTtKoOu3d7SvljMSPf2ag9DgwBlaChbVuBXPniVGdu2gghoGdwPiVy9yHmkZRH8ZGyeDaVJpFs89RC28fNl4Dt0LLLpJuJjoZ%2fk76G%2f0qaSpKl%2bBha7dcOjobUI28BQJvgH9PUchM497UBp5eKvVhnxXHhtV4910MeO%2fEaP3wGVfq5K%2brcLJD9EH6EDZ6LcYQjyjRD3qihgMokVp9mSXtnCi%2bMUhWm%2bhvjG0t8YOtnI
948354-139-LR26;CONTRATACIÓN DE SERVICIO DE SOFTWARE DE RECURSOS HUMANOS PARA EL HOSPITAL DIPRECA;Publicada;FONDO HOSPITAL DE LA DIRECCION DE PREVISION DE CARABINEROS DE CHILE;Unidad de Compra de Bienes y Servicios;Región Metropolitana de Santiago;Las Condes;16-09-2026 15:25;16-10-2026 16:00;18;450000000.0;CLP;LR;Tecnologías de la información, telecomunicaciones y radiodifusión / Software / Software de gestión;1 Unidad · Software de gestión de recursos humanos;;;36 meses;No;;Patricio Salinas;El Hospital de la Dirección de Previsión de Carabineros de Chile, ubicado en Vital Apoquindo N°1.200, Comuna de Las Condes, Región Metropolitana, en adelante “EL HOSPITAL”, llama a Licitación Pública para la Contratación de Servicio de Software para el Recursos Humanos, en adelante “EL SERVICIO”, por un periodo de 36 meses, para el referido Centro Asistencial, cuyas características y requisitos técnicos constan en las Bases Administrativas y Técnicas de esta Licitación con sus respectivos anexos.;https://www.mercadopublico.cl/Procurement/Modules/Attachment/ViewAttachment.aspx?enc=n%2bCiAl5drDSC%2b6qU8fBbZF1hvTaR9XjeK%2fjY8NLVtbrOo%2bsA1viiuQWeNRIf%2fPB3Uxu23IHKS1DnUkdnWL0CrLqYDSUcRisZLCTX4s8L0PEv%2bbW%2fPwMn0o1HbJhPhrs%2b7x0CEqV0bHEXq9ZUizxqcFkpOxnceYfcC%2bJorf9RSEM5SHQo535Cbfjm9WnwoBKG7RcrAPHZv31yUSc9oFgaTRVTlzoXV%2bq50oDye2d5Z53lVEi2HcsUUY4rgfDuNacsmEJRthw%2f34sCgo4b61j2DrG4Xi1J42vpdM0c0hgV2HlWsCkFw34T06RCKAHqMWY%2f
514862-125-LR26;10032938 PLATAFORMA DE AGENDAMIENTO TELECONSULTAS;Publicada;CORPORACION MUNICIPAL DE PENALOLEN PARA EL DESARROLO SOCIAL CORMUP;CORPORACION MUNICIPAL DE PENALOLEN PARA EL DESARRO;Región Metropolitana de Santiago;Peñalolén;16-09-2026 13:24;19-10-2026 15:00;21;408000000.0;CLP;LR;Servicios basados en ingeniería, ciencias sociales y tecnología de la información / Servicios informáticos / Servicios de datos;1 Unidad · Servicios de transformación de datos;;;;No;SEGUN BASES ADJUNTAS;DANILA SEGUEL;SEGUN BASES ADJUNTAS;https://www.mercadopublico.cl/Procurement/Modules/Attachment/ViewAttachment.aspx?enc=1DiNspGGfXUtfPuweBvR75zE2B6DoL5q8J2n4p5TYYozkNe5g75I6ZEd9fR6%2fcs8M2OJHbsV0YvPqLCPB5nWs4V9Yvs4063LdCLQGcl9HAWFsKnz3eHWnzpnFhJqW85OlBLL4WPkzuNZLXVboPXCr3Z3mal5Qeq%2brJACtZLpRbwjZbjA9DaXhTTKCCeyptIpLnEwrsuKRQdMHQnl2%2bH7BLkHdiBxTG7Gw97PbH1FYblgbnJi7NuglWF0H3Y6UlYAwcP69Vxe9M3SpukXDca1pbbU%2fKS7y40avkRHueLg526sDLM942RhefOgyKD5p3mR
2563-43-LP26;Adquisición de cámaras IA y radares de seguridad;Publicada;DIRECCION GENERAL DE AERONAUTICA CIVIL;UNIDAD DE COMPRA CONTRATOS NACIONALES;Región Metropolitana de Santiago;Providencia;28-09-2026 12:55;19-10-2026 15:00;21;192000000.0;CLP;LP;Equipos y suministros de defensa, orden público, protección y seguridad / Seguridad, vigilancia y detección / Equipo de vigilancia y detección;2 Unidad · Cámaras de seguridad · 2 Unidad · Cámaras de seguridad · 1 Unidad · Cámaras de seguridad · y 13 más;;;;No;;Javier Pacheco;adquisición, modalidad “llave en mano”, de cámaras  de videovigilancia con inteligencia artificial (IA) y radares de seguridad para el aeródromo El Loa de Calama, compuesta por grabador de video en red, servidor de gestión de video, discos duros, videowall, licencia, y demás elementos, componentes, y servicios asociados.;https://www.mercadopublico.cl/Procurement/Modules/Attachment/ViewAttachment.aspx?enc=L2%2b2YP9roU3%2baiPPOM1FzIHCFFi2fXoyUNTWoXhNHHbMOOw0dXusQ9V7lIjoxpbzbLKwLNQ1wL8uql8r5eKVBd71fg7Tiz9emsKHZc9bxDNhVnnMdwYiuE71b%2fkGrgNpzXes2zhYULi1WECp%2fyAB%2bFmnzHsN5sq3kgbeQIk024tlQkFlSVeLfEh4SDHq3RTVtmCApxq2bSbEML%2biB%2bxCbU41nHYT%2fX8d3jsodnV%2brUnc5esJRS0muiZOxmhphE8D5CURGuoBgPwVKIyjYrSbHWYlqX0i1gyNWT01p2WmTs%2bGkPkP3IspK8bHMFlegges
425-65-LR26;Renovación de licencias y servicio de administración de software Falcon Crowdstrike EDR para el Poder Judicial;Publicada;CORP ADMINISTRATIVA DEL PODER JUDICIAL;Servicios;Región Metropolitana de Santiago;Santiago Centro;17-09-2026 11:55;19-10-2026 16:00;21;;USD;LR;Tecnologías de la información, telecomunicaciones y radiodifusión / Software / Software de gestión;1 Global · Software de gestión de licencias · 1 Global · Software de gestión de licencias · 1 Global · Software de gestión de licencias · y 2 más;;;12 meses;No;De acuerdo al numeral 15 de las bases administrativas especiales;Jorge Quezada;Renovación de licencias y servicio de administración de software Falcon Crowdstrike EDR para el Poder Judicial;https://www.mercadopublico.cl/Procurement/Modules/Attachment/ViewAttachment.aspx?enc=FXtNimax7So3Gw2knnIF4vlYrXy8TiUr3QrFVu%2ftcvwiGGTc%2fhnBZkZSxCZN%2bEheAHxKHK4fk30yir1JKr8UrYpA2tRdMmiNvYIHdUbCwE8UHWZhjWEFycyswGNndKNmtZM0w0arL03yuprOuoKq24IcF9csKZUAxICPrP%2fKw44UeHDP33BXTa9GQ32gmC%2b88XDs%2bLlZ1fEdn9IC%2fJiLCGEjy3hQ95VqNwlhU46q%2bbyJYyt38qk5TqTpZf9LzPt%2fRf9Zu2nz6OCU7EpZhb8%2fNOfa22gTlimDB9jUtGdHStSM4F6dRYwfehYSmQWjHxZC
4160-15-LP26;SERV MANTENIMIENTO TRANSMISION DE DATOS CAMARAS;Publicada;MUNICIPALIDAD DE HUALPEN;Secplan;Región del Biobío ;Hualpén;28-09-2026 11:59;20-10-2026 14:00;22;;CLF;LP;Equipos y suministros de defensa, orden público, protección y seguridad / Seguridad, vigilancia y detección / Equipo de vigilancia y detección;48 Mes · Cámaras de seguridad;;;48 meses;No;;RENE IBAÑEZ RETAMAL;contratación del “SERVICIO DE MANTENIMIENTO, TRANSMISION DE DATOS CAMARAS DE TELEVIGILANCIA HUALPÉN”, para lo cual se deberá considerar un plazo de prestación del servicio de 48 meses corridos.;https://www.mercadopublico.cl/Procurement/Modules/Attachment/ViewAttachment.aspx?enc=w6ES3TaAYhMxI6O9CPXipLyeUhBVDL4vTtrBQilM9%2b%2fBMaZWud05AIBIU3gnKaxBkgoH%2bNZ%2bJVy%2biBoVI7wGucLexXsC9QorQj6NxevqJ37aK5MJo%2ftudefqdtZ3JSEIB6ftJzH46ZFkRni5pioN0NSk893%2fNPLgi5p%2fyCvzPkY5ay167gbYeMw6nMWqYcJwgTiHb%2bUsnzynkwqy%2fa%2bEWVwHsQZEd89y39J5O5rf0NCkqGjxYFjgLT%2bRguoiT7mAEq6GR%2bAaRFFjDIeDuQwYaF%2fLp%2ffjq%2fDaJ%2fi%2b%2fFr%2f0x%2bK1kU5glhjLiNT8HjWYyZ1
1461054-45-LP26;PLATAFORMA DE GESTIÓN EDUCACIONAL PARA 77 E.E;Publicada;SERVICIO LOCAL DE EDUCACIÓN PÚBLICA DEL ELQUI;P02 Establecimientos Educacionales;Región de Coquimbo ;La Serena;23-09-2026 15:20;20-10-2026 15:30;22;290234736.0;CLP;LP;Tecnologías de la información, telecomunicaciones y radiodifusión / Software / Software de consultas y gestión de datos;1 Unidad · Software del sistema de administración de bases de datos;;;36 meses;No;No se permite la subcontratación para el presente proceso público, dado que, el servicio requerido será contratado de acuerdo a las condiciones más ventajosas que arroje la evaluación de los oferentes, entendiendo por estos, el conjunto de condiciones e;Francisca Pérez García;El Servicio Local de Educación Pública del Elqui (SLEP Elqui) requiere contratar la provisión, implementación, parametrización, puesta en marcha, operación, mantenimiento, actualización, soporte técnico y capacitación de una Plataforma de Gestión Educacional y Libro de Clases Digital, de carácter web y bajo modalidad Software as a Service (SaaS), destinada a los 77 establecimientos educacionales de su dependencia.;https://www.mercadopublico.cl/Procurement/Modules/Attachment/ViewAttachment.aspx?enc=HIRKK3mGVQke5ERXO2HFu6Cy2upZXmmDgCANqZ6GXpv4yVrsjKug8bOYDBm%2bkCkNoqO0tYZuZ%2bsdhdh51sG%2fVexAtgKfdtWDXqUoIkOvxlxb9kCECJDT%2bb%2bZFI19kbrA6vw14xXevZfcUd7J8vDBQEkTmDWk5eMCsChGkH4%2bxFIuPKsCrqPJDAg6NfgFbRA4%2blytUupt%2fYIqSqL29iU7l6hIS6p%2f0P4o6WGFMOSFZguzBJqMBY8qWNxeIGnvSnJErj8asPAQFrTXcA8Jezq5t0rRblL0k04cY4wGTsQnnbZeqcSUP%2fOaB8w%2fMqouMGms
605-17-LP26;TELEFONÍA FIJA Y RED PRIVADA DE DATOS;Publicada;Consejo de Defensa del Estado;Consejo de Defensa del Estado;Región Metropolitana de Santiago;Santiago;02-09-2026 10:55;22-10-2026 15:00;24;8500.0;CLF;LP;Servicios básicos y de información pública / Telecomunicaciones / Telefonía local y de larga distancia;1 Unidad · Servicio telefónico local · 1 Unidad · Servicio de comunicación IP;;;24 meses;No;"El proveedor no podrá ceder ni transferir en forma alguna, total ni parcialmente, los derechos y obligaciones que nacen del desarrollo de esta licitación y del respectivo contrato que se celebre con la institución contratante.  
 
Atendida la naturaleza";IVANHOE AGUIRRE RIVERA;"La presente licitación consta de dos ítems a contratar a un único proveedor a nivel nacional:

I.- TELEFONÍA FIJA:

Se requiere contratar mediante Licitación Pública el Servicio de Telefonía fija con enlace dedicado SIP Trunk, para las comunicaciones internas. El servicio para contratar también comprende la habilitación de acceso a comunicaciones hacia equipos telefónicos móviles, habilitación de acceso a servicios complementarios 600.
II.- RED PRIVADA DE DATOS:
Se requiere contratar el servicio de red privada de datos mediante la tecnología de RED IP que considere calidad de servicio para audio y vídeo, y que brinde Housing a su solución de contingencia, conforme a los parámetros y requerimientos señalados en estas bases técnicas.
Se requiere que las empresas del rubro oferten todos los requerimientos comprendidos en la presente licitación.";https://www.mercadopublico.cl/Procurement/Modules/Attachment/ViewAttachment.aspx?enc=ZEp6qj%2fH%2bd47jCG9tUQdN36hAdUsJaM2Z9v0VvF6jmUZNfeaLty2DdU5TbReus4QvJJD3XOToTtv4EweF0qqEKUVPdZ4wSLpPzJjQfRkVyNaWG13nXUdJNS9fjBqgxYYm%2bhlvHwXW%2fs7inZZbsRLo8WNhm5QPm%2bKzdqxgma72VvLiKQdccxuNBW84YZyZdpgtwPjiz2eqFVeVaiHhxOubieL5tDQvHzg3wOIPEfzxNvUTK2HPKdjtc5KuAEZIJii0Esk79DelhZjeE6w4M1NAqrhetKgjsyIX9i%2b%2fz58AnIu801ujrsUDHRwe%2fFOhZMl
948354-140-LR26;CONTRATACIÓN DE UNA SOLUCIÓN INTEGRAL RIS-PACS INCLUYENDO LA PROVISIÓN DE SERVICIOS SOFTWARE HARDWARE E INFRAESTRUCTURA TECNOLÓGICA PARA EL SERVICIO DE IMAGENOLOGÍA DEL HOSPITAL DIPRECA;Publicada;FONDO HOSPITAL DE LA DIRECCION DE PREVISION DE CARABINEROS DE CHILE;Unidad de Compra de Bienes y Servicios;Región Metropolitana de Santiago;Las Condes;22-09-2026 09:36;22-10-2026 16:00;24;3310000000.0;CLP;LR;Equipamiento y suministros médicos / Productos para imágenes y de medicina nuclear / Artículos para archivar información e imágenes radiológicas;60 Mes · Sistemas informatizados de archivado de imágenes (PACS) médicos;;;60 meses;No;;Dra. Constanza Damm Araneda;El Hospital de la Dirección de Previsión de Carabineros de Chile, ubicado en Vital Apoquindo N° 1.200, comuna de Las Condes, Región Metropolitana, en adelante ‘EL HOSPITAL’, llama a licitación pública para la contratación de una solución integral RIS-PACS para el Servicio de Imagenología, por un período de 60 meses, comprendiendo conjuntamente la provisión, implementación, instalación, puesta en marcha, operación, soporte, mantenimiento, licenciamiento, migración, integración, actualización tecnológica y provisión de la infraestructura de hardware, software y equipamiento físico necesario para su correcto funcionamiento. La contratación tendrá carácter indivisible, por cuanto sus componentes técnicos, clínicos, operacionales y de seguridad de la información son interdependientes y necesarios para asegurar la continuidad asistencial del Hospital.;https://www.mercadopublico.cl/Procurement/Modules/Attachment/ViewAttachment.aspx?enc=72RmO8gRP6f4yfVLh9MRReAMtYiBHufvK2AYFK6ZyCemlxT%2beGscrSYnL%2bixEJrYL%2f7klRLkP%2fwCPwDLEjV15rkzc4Tn%2bo4Vy2E%2fojov7KkRfcKb3VN%2fvfARrt8uWRjMejDadj1qxazEJqrSm8jYAfX%2fRbx4E3AZF7Z%2b6XYpjm9Dd69U31tgBxKtlfNsoVnCmdpjIkUnvxxLwcoVNiB3UWNz%2f%2bZ723RpvdZL%2f38nxGI8Yqnd9pLt1DvCF2CVQwbErT9RjKxv86UrPsMo1p9XiUHPAxkIMzMAuYyk7RkC8Rai7USb8ogJ7fb0PD3JK0AU
976-18-O126;ATIF Ampliación Plataformas Comercial y General Ad. El Loa;Publicada;MINISTERIO DE OBRAS PUBLICAS DIREC CION GRAL DE OO PP DCYF;Dirección de Aeropuertos - MOPTT;Región de Antofagasta ;Santiago;25-09-2026 09:09;23-10-2026 10:00;25;;CLP;O1;Consultoria / Consultoria / Planificación y Factibilidad;1 Unidad · Licitación Pública de Consultoria;;;;No;;;ESTA DIRECCIÓN NECESITA CONTRATAR ASESORÍA TECNICA DE INSPECCIÓN FISCAL PARA EL CONTRATO DE OBRA AMPLICACION PLATAFORMAS COMERCIAL Y GENERAL AERÓDROMO EL LOA;https://www.mercadopublico.cl/Procurement/Modules/Attachment/ViewAttachment.aspx?enc=wSLiqtlZniaGWBukrAX0MKrCATySpYTc5k51U%2b6SE1FLh1WCsTPPZW5DUp7INkYy92mCnCLUEZA2FQFl9OShw1QBxsRoRu6kwRzWjNBIlEYkW1Q%2fedIR8Ae9Qi%2bFAZ4HN7Y%2b8XH7R0DcubBQMEx9JMy%2b8nqBbX8r3kxBq5fBbpEgxO9%2f%2bHdLE2oVen6qGUs3hS7ONYWlSeIiB11RNt5G%2bcSgruycih581GPBMozGCVvqD51t7%2fpRmxaazjqOfCouQiWRsQ5Es5huQthBdaNE9m4yRDolGKoJ0leQL9u2XN1JR2h585pQt50mEKx61QHu
976-15-O126;Ampliación Plataformas Comercial y General Ad. El Loa;Publicada;MINISTERIO DE OBRAS PUBLICAS DIREC CION GRAL DE OO PP DCYF;Dirección de Aeropuertos - MOPTT;Región de Antofagasta ;Santiago;31-08-2026 08:12;23-10-2026 11:00;25;;CLP;O1;Consultoria / Consultoria / Planificación y Factibilidad;1 Unidad · Licitación Pública de Obra;;;;No;;;Esta Dirección necesita llamar a licitación para contratar la obra Ampliación Plataformas Comercial y General Aeródromo El Loa.;https://www.mercadopublico.cl/Procurement/Modules/Attachment/ViewAttachment.aspx?enc=7Xv5KlJ%2b2YQNFBBxooES7aejOpkVHva%2bY5KKWbaX1XFFl%2fgp7GMUkoVroLDj8DhHbv3LG1TERJYupIdlcLFaqb7jycFF7Td9mGJ6bcI1XZD1vl2hss2rP37LB%2b9V8wo4TCppvSDrEM5njstqXweSz3XAHuAyXi0cnV20mM3ozMhlyCzUoFSBM8FefykYuzW0S4i2vWWGKBSTK87IT0ObKzeVawARzmaUbNUYZksBO3TTq%2fZpXx5af8gKmGNtmYtoxqoKzQcjqz2nrP1kAL9LpbTfCUWZjkcyLQGAiOYLkEcWWYhb35lSKiI12pr8Ly3p
2667-71-LR26;ARRIENDO SOPORTE Y MANTENCIÓN DE CENTRAL TELEFONICA IP TELEFONOS IP Y PLATAFORMA DE CONTACT CENTER;Publicada;I MUNICIPALIDAD DE VITACURA;SECPLA;Región Metropolitana de Santiago;Vitacura;17-09-2026 13:02;23-10-2026 15:00;25;;CLF;LR;Equipos y suministros de defensa, orden público, protección y seguridad / Seguridad, vigilancia y detección / Equipo de vigilancia y detección;1 Global · Sistemas de alarma;;;48 meses;No;;Gonzalo Fuentes Osses;"La presente licitación tiene por objeto dar a conocer los requerimientos administrativos y técnicos para la renovación y modernización del servicio telefónico de la Municipalidad de Vitacura. Para ello, se contempla la contratación, bajo modalidad de arriendo, de una Central Telefónica IP, equipos telefónicos y una plataforma de contact center para todas sus dependencias.

El servicio deberá incluir la instalación, puesta en marcha, soporte y mantención de la solución, por un período de 48 meses (4 años), de acuerdo con lo establecido en las presentes Bases Técnicas (BT), Bases Administrativas Especiales (BAE) y demás documentos que forman parte del presente proceso licitatorio.";https://www.mercadopublico.cl/Procurement/Modules/Attachment/ViewAttachment.aspx?enc=b1r6lObkG7JDGUAQGlFFUSH%2f36HhsS3xcnLu%2bc%2bX2%2fmnMVqQam9OjOJL0zOkDZYRiM6u8uZfFbwLQeB4rdoiuG0qjQLOwW%2fHqc8DXzaKpzcrtIS40x9bB%2bT2P3pSmksF0hGmvJfG3ut4uNKBRiDISvyNepPoR%2bBdYPS%2f8dj9SFkRSLM7KmRH4WP4YnxqVFDE7kLKbonWtZp1TajA0HjgsKaYHEVABeyEVsg9z3YGyvj%2b8XAxO7Jv9XUorHFoAUEdQ%2fQg3gSOP3Hqvqq6AyiCvCTND1PwQuewL2LQ16G0J8oErA0sWNpgCDoh%2f%2fSwd4R1
2342-36-LR26;CONCESIÓN DE ESTACIONAMIENTOS EN CALLES DE LA ZONA CENTRO DE LA COMUNA DE SAN BERNARDO APLICANDO SISTEMA DE CONTROL DE TIEMPO DE USO CAPTADORES DE DATOS;Publicada;I MUNICIPALIDAD DE SAN BERNARDO;SECRETARIA COMUNAL DE PLANIFICACION;Región Metropolitana de Santiago;San Bernardo;24-09-2026 16:33;26-10-2026 15:01;28;;UTM;LR;Servicios de transporte, almacenaje y correo / Servicios de mantención o reparaciones de transportes / Combustible para vehículos de transporte, estacionamiento y otros servicios de apoyo;1 Unidad · Estacionamientos;;;36 meses;No;;JUAN CARLOS CABRERA CAMPOS;CONCESIÓN DE ESTACIONAMIENTOS EN CALLES DE LA ZONA CENTRO DE LA COMUNA DE SAN BERNARDO, APLICANDO SISTEMA DE CONTROL DE TIEMPO DE USO CAPTADORES DE DATOS;https://www.mercadopublico.cl/Procurement/Modules/Attachment/ViewAttachment.aspx?enc=PEGTcM5%2fZEnChlXt%2f7RfLBK722h2EcoYP%2ftbYqk3oIjtwvWx1s1fK8XHRWHDCbySwJmQ%2bgpwizbWBFkXabH1Tbc3WU8ic623cAKrYMDh7N4oRc2icg7WcIeDrO5j3XB9yW8mAYlkxaDXof8q3lTMO2ZftVslclmF%2fUntktlAGiB5tPaFWyk14JXgrqoPzuOzhaOEFmYTVblS5Vc2Nb%2fCZpd%2bm9EnEngBrh6j%2fh7tAvhSDSlMb%2fUbozVnIb6Db6DwUDR46cSatCEpH7SFjOABMpDfE9SlyY8ogqNsfhFDbL39Srvzt3hD%2bf6LeZLj%2f435
2403-73-LR26;Servicios de conectividad telecomunicaciones operación de infraestructura y gestión de ciberseguridad.;Publicada;I MUNICIPALIDAD DE PENALOLEN;I.MUNICIPALIDAD DE PEÑALOLEN;Región Metropolitana de Santiago;Peñalolén;23-09-2026 14:31;26-10-2026 15:30;28;1910656000.0;CLP;LR;Servicios de construcción y mantenimiento / Servicios de atención, mantenimiento y reparaciones de edificios / Servicios eléctricos;1 Global · Instalación de sistemas de seguridad;;;51 meses;No;Previa autorización de la inspección técnica, y siempre que no supere el 30% del precio total de la contratación.;Matías Allende Contreras;La Municipalidad de Peñalolén requiere dar continuidad integral de los servicios de conectividad, telecomunicaciones, operación de infraestructura y gestión de ciberseguridad actualmente en producción, incluyendo conectividad institucional, telefonía IP, Contact Center, redes cableadas e inalámbricas, NAC, seguridad perimetral, CSOC, SIEM, housing, soporte, implementación, SLA y capacitación, asegurando continuidad operativa, seguridad y cumplimiento normativo.;https://www.mercadopublico.cl/Procurement/Modules/Attachment/ViewAttachment.aspx?enc=Jf5ANEa4%2b0oSA58u3gjNVDTNdzuykbG4lN9uT6h5sf%2btIx2%2fzR3ggM8oekmDZeu65Wf49sXYTw2WrFR1YxHupS8rkbwBFnrQJ%2ft38%2bFur8keQaiV5zscZgYE5cXbMEZWX%2bfYDIQV5Yazl2CwigkS85pblmCunonhX3MsbpHS7PkKH2kSOx5VwqLo41cGSeHZ8LC%2f3m9k2fgtYNHaoqFR2H9IO5elW6UI3eIrMGiBROXy0fzeW%2f%2blkz%2fWN0uHpVxkqGRBd%2ftcEhY9smbaXvOO8gyXyKeDPdhOg1JAum8nGpabtTPd5m1n5hSXtrf1Q4jg
1969-34-LS19;AUTOMATIZACIÓN PORTÓN ACCESO A LINEA DE FUEGO;Publicada;DIRECCION GENERAL DE GENDARMERIA DE CHIL;Región del Bio Bío;Región del Biobío ;Concepción;03-05-2019 17:57;;;;CLP;LS;Artículos para estructuras, obras y construcciones / Puertas, ventanas y vidrios / Puertas;1 Unidad · Puertas de metal;;;;No;;Héctor Polma Lillo;AUTOMATIZACIÓN DE PORTÓN ACCESO A LINEA DE FUEGO C.P. CONCEPCIÓN;https://www.mercadopublico.cl/Procurement/Modules/Attachment/ViewAttachment.aspx?enc=FX7r%2bpJXngRl6VHtU14Z8o2U3Y6qsVwcCmN8laSE%2fdxbIX0n0t5lhk5wOaCpR0j7sh67eah148uKNqxeOKyn441GUvNpQHGm%2bg3404OnKy5HTmO3fzHAjhd0jvrfHgamjRZ%2bGnsEHvrc88LWzMyMF%2fwEalvxu3xxd10VvqMMCL2BTr%2forCDwpugZzQh85i0szZTBkR6qUFNVwqVox%2fZoWY0pKp4hD1ldhWQUZBe7AbDcep9cgAqsD0NUkjsuSR7pVcGnqOn6ocPlDYdZbk2ZlYdtF%2b%2fHDwwdgw1oMyJLBpBQqN5In7tXzTQ1rlTMpisa
